"absolute href","whitespace-nowrap","text-muted-foreground","hidden","inline","disabled:border-alpha-300","disabled:border-alpha-300 href"
"https://v0.dev/chat/fork-of-rhymechain-landing-XiEIKKviiez","Fork of rhymechain-landing","Please fork this block.","Updated 13 minutes ago","Updated 13 minutes ago","Design with Inverse Venturi","https://v0.dev/chat/projects/pFARQogIMqh"
"https://v0.dev/chat/next-js-web-app-hIAuwcnxUbJ","Next.js web app","Develop a dynamic web application using Next.js that presents a list of 30 online business opportunities. The application should feature a user interface with a header including a title and a subtitle, a main section to display the opportunities, and a footer with copyright information. The opportunities should be loaded and displayed dynamically using JavaScript, replacing a loading message. The design should be responsive, ensuring optimal viewing across various devices. The application should be in French, with all text content and user interface elements translated accordingly. The application should use a CSS file for styling. The opportunities should be displayed in a clear and organized manner, with each opportunity including a title and a brief description. The data for the opportunities should be stored in a separate JSON file or within the JavaScript file as a JSON object. The application should handle potential errors gracefully, such as when the data cannot be loaded. The application should be optimized for performance, ensuring fast loading times and smooth user interactions. <html lang=""fr""> <head> <meta charset=""UTF-8""> <meta name=""viewport"" content=""width=device-width, initial-scale=1.0""> <title>Opportunit√©s d'Affaires en Ligne</title> <link rel=""stylesheet"" href=""styles.css""> </head> <body> <header> <h1>30 Opportunit√©s d'Affaires en Ligne √† Fort Potentiel</h1> <p class=""subtitle"">Explorez des id√©es innovantes pour votre prochain projet entrepreneurial</p> </header> <main id=""business-opportunities""> <!-- Les opportunit√©s seront affich√©es ici par JavaScript --> <div class=""loading"">Chargement des opportunit√©s...</div> </main> <footer> <p>¬© 2023 Opportunit√©s d'Affaires en Ligne - Toutes les donn√©es sont fournies √† titre informatif.</p> </footer> <script src=""script.js""></script> </body> </html>","Updated 43 minutes ago","Updated 43 minutes ago","",""
"https://v0.dev/chat/code-improvement-7f951eBHH0b","Code improvement","improve this","Updated 21 hours ago","Updated 21 hours ago","",""
"https://v0.dev/chat/fork-of-aiftw-landing-LwGaywu0jT5","Fork of aiftw-landing","Please fork this block.","Updated 21 hours ago","Updated 21 hours ago","aiftw saas ai chatbots - squads","https://v0.dev/chat/projects/oJuCnPHhC8z"
"https://v0.dev/chat/fork-of-portfolio-FhnfEkAzHfS","Fork of portfolio","Please fork this block.","Updated 21 hours ago","Updated 21 hours ago","Portfolio","https://v0.dev/chat/projects/ikMondsmc2V"
"https://v0.dev/chat/image-analysis-49knCGZddJ5","Image Analysis","","Updated 23 hours ago","Updated 23 hours ago","",""
"https://v0.dev/chat/code-improvement-W9uyfw30oBs","Code improvement","Improve this :","Updated 1 day ago","Updated 1 day ago","Code improvement","https://v0.dev/chat/projects/SpCgMEEjLEV"
"https://v0.dev/chat/fork-of-project-tracking-dashboard-JDTIQrvw2vC","Fork of project-tracking-dashboa","Please fork this block.","Updated 2 days ago","Updated 2 days ago","dashboard","https://v0.dev/chat/projects/00diuN7IzHc"
"https://v0.dev/chat/merge-chatbot-landing-pages-URTGKbZeilq","Merge chatbot landing pages","https://chatbot-haven-verse-52.lovable.app/ - https://chatbot-squadron.lovable.app/ Mix les deux landingpage pour garder les best practice. use les source pour create l'ui ux","Updated 2 days ago","Updated 2 days ago","aiftw saas ai chatbots - squads","https://v0.dev/chat/projects/oJuCnPHhC8z"
"https://v0.dev/chat/seo-and-sea-platform-XsrlyiUNLS4","Seo and sea platform","D√©velopper une plateforme robuste et intuitive d√©di√©e √† l‚Äôoptimisation SEO (Search Engine Optimization) et SEA (Search Engine Advertising), offrant des outils avanc√©s pour analyser, am√©liorer et surveiller les performances des sites web sur les moteurs de recherche. Principales Fonctionnalit√©s √† Inclure : 1. Outils SEO : ‚Ä¢ Analyse de mots-cl√©s (volume de recherche, concurrence, suggestions). ‚Ä¢ Audit technique SEO (vitesse, balises meta, structure des URLs, etc.). ‚Ä¢ Suivi du classement des mots-cl√©s. ‚Ä¢ Analyse des backlinks (quantit√©, qualit√©, ancres). ‚Ä¢ G√©n√©ration de rapports SEO personnalisables. 2. Outils SEA : ‚Ä¢ Gestion et suivi des campagnes publicitaires Google Ads/Bing Ads. ‚Ä¢ Analyse des performances des annonces (CTR, CPC, ROI). ‚Ä¢ Suggestions d‚Äôoptimisation pour les campagnes. ‚Ä¢ Cr√©ation de rapports SEA d√©taill√©s. 3. Int√©gration d‚Äôautres outils : ‚Ä¢ API pour connecter Google Analytics, Google Search Console et autres plateformes tierces. ‚Ä¢ Outils de g√©n√©ration de contenu optimis√© (IA pour r√©diger des descriptions ou articles SEO-friendly). ‚Ä¢ Module d‚Äôanalyse concurrentielle. 4. Tableau de bord centralis√© : ‚Ä¢ Vue d‚Äôensemble des performances SEO/SEA. ‚Ä¢ Alertes automatiques pour signaler les probl√®mes ou opportunit√©s. Lignes Directrices pour le D√©veloppement : ‚Ä¢ Stack technique : Utiliser Vite.js, React et TailwindCSS pour une interface rapide et r√©active. ‚Ä¢ Respecter les bonnes pratiques en mati√®re d‚Äôaccessibilit√© web (WCAG 2.1). ‚Ä¢ Pr√©voir une architecture modulaire pour permettre l‚Äôajout futur de nouvelles fonctionnalit√©s. ‚Ä¢ Assurer une compatibilit√© multi-langue d√®s la phase initiale (fran√ßais/anglais au minimum). Style et Convention de Code : ‚Ä¢ Indentation avec 2 espaces. ‚Ä¢ Utiliser un syst√®me de nommage en camelCase pour les variables et PascalCase pour les composants React. ‚Ä¢ Documentation claire dans le code avec JSDoc ou √©quivalent. ‚Ä¢ Tests unitaires obligatoires pour chaque composant cl√©. Documentation Externe √† Inclure : ‚Ä¢ Guide utilisateur expliquant comment utiliser chaque outil. ‚Ä¢ Documentation technique d√©taillant l‚Äôint√©gration des APIs externes. ‚Ä¢ FAQ couvrant les questions courantes sur le SEO/SEA. √âvolution Future : ‚Ä¢ Ajouter un module d‚Äôanalyse vocale pour le SEO vocal (ex. recherches via assistants vocaux). ‚Ä¢ Int√©gration avec des plateformes e-commerce comme Shopify ou WooCommerce. ‚Ä¢ D√©veloppement d‚Äôune application mobile compl√©mentaire.","Updated 2 days ago","Updated 2 days ago","dashboard","https://v0.dev/chat/projects/00diuN7IzHc"
"https://v0.dev/chat/vite-refactor-and-enhancements-cU6a0zBWtSS","Vite refactor and enhancements","Analyze each file individually and refactor the project to leverage Vite for improved performance and a streamlined development experience. Integrate visual effects using Framer Motion to enhance user interactions and create a more engaging interface. Ensure the implementation adheres to modern web development best practices, including code optimization, component reusability, and efficient state management. Prioritize a modular and maintainable codebase structure.","Updated 3 days ago","Updated 3 days ago","Vite refactor and enhancements","https://v0.dev/chat/projects/770Umk2CmWL"
"https://v0.dev/chat/fork-of-artist-portfolio-XolCuCJcNR9","Fork of artist-portfolio","Please fork this block.","Updated 5 days ago","Updated 5 days ago","",""
"https://v0.dev/chat/artist-portfolio-G29bsYONJKK","Artist Portfolio","Start a new chat from this template.","Updated 5 days ago","Updated 5 days ago","",""
"https://v0.dev/chat/fixierun-features-00wepAPeril","Fixierun features","FixieRun üö¥ Premiers pas Tutoriel interactif Connectez votre portefeuille, r√©clamez votre v√©lo de d√©part, compl√©tez votre profile Comment jouer Votre premi√®re course Am√©liorations du v√©lo Progression et r√©compenses Progression de niveau Achievements (Accomplissements) Caract√©ristiques du Jeu NFT Bikes (V√©los NFT) Mod√®les uniques Attributs et capacit√©s Raret√© March√© d'√©change Courses Sprint Urbain (5 km, 50 FIX) Marathon √âlectrique (42 km, 500 FIX) Course Nocturne (15 km, 150 FIX) Classement Top 5 des coureurs Distance, Gains, Courses, Taux de victoire Gagner des R√©compenses D√©fis quotidiens R√©compenses d'accomplissement Prix de tournoi R√©compenses de staking Fonctionnalit√©s √âv√©nements (Grand Prix Fixie, Community Challenge, NFT Show & Trade) Hub Communautaire Top Joueurs Actualit√©s Forum Communaut√© Connexion de portefeuille (wallet) Transactions s√©curis√©es Support multi-cha√Ænes March√© NFT Fonctionnalit√©s DeFi Int√©gration Web3 Gestion et D√©veloppement Tokenomics (√âconomie du jeton FIXIE) 40% R√©compenses communautaires 20% D√©veloppement 15% √âquipe et conseillers 25% Tr√©sorerie Roadmap (Feuille de route) Phase 1 : Lancement, MVP, Test communautaire, Premi√®re collection NFT (Termin√©) Phase 2 : Croissance, Lancement du token, Nouvelles fonctionnalit√©s, Partenariats (En cours) Phase 3 : Expansion mondiale, √âv√©nements exclusifs, R√©compenses am√©lior√©es (√Ä venir) Phase 4 : DAO communautaire, √âcosyst√®me √©tendu, Innovations (√Ä venir) L'√âquipe Antony Lambi (AI - Blockchain Dev - SEO Editor) AIFTW Blockchain (Expert Blockchain) Crypto Market Pro (Analyste de march√©) AIFTW Blockchain Dev (D√©veloppeur senior) Senior BC Dev Front (Responsable Frontend) Recherches Associ√©es FixieRun caract√©ristiques FixieRun feuille de route FixieRun √©quipe FixieRun jeton FIXIE","Updated 5 days ago","Updated 5 days ago","",""
"https://v0.dev/chat/healthylivingadvices-clone-ICx0zf5TTBu","Healthylivingadvices clone","code this : D√©veloppement Strat√©gique d‚Äôune Plateforme Holistique de Sant√© : healthylivingadvices.com Fondements d‚Äôune Autorit√© en Bien-√™tre Holistique Architecture de Cr√©dibilit√© Scientifique L‚Äô√©tablissement de healthylivingadvices.com comme r√©f√©rence incontournable repose sur une int√©gration rigoureuse des principes de l‚ÄôEvidence-Based Practice (EBP), align√©e sur les standards belges en mati√®re de validation scientifique. Le R√©seau EBP belge, impliquant des acteurs cl√©s comme le SPF Sant√© publique et l‚ÄôINAMI, structure son cycle de vie autour de six √©tapes : priorisation, d√©veloppement, validation, diss√©mination, impl√©mentation et √©valuation. Cette approche garantit que chaque contenu certifi√© par la plateforme r√©pond √† des crit√®res stricts de validit√© m√©thodologique et d‚Äôad√©quation au contexte belge, en s‚Äôappuyant sur des m√©ta-analyses Cochrane et des guidelines NICE. La base de donn√©es dynamique de la plateforme int√®gre un moteur de recherche s√©mantique coupl√© √† PubMed et ClinicalTrials.gov, permettant une actualisation en temps r√©el des recommandations. Cette interconnexion, d√©montr√©e dans une √©tude combinant les donn√©es de ClinicalTrials.gov et PubMed, facilite le suivi des r√©sultats cliniques et renforce la fiabilit√© des informations diffus√©es. R√©seau d‚ÄôExperts Contributifs Le mod√®le Knowledge Hub collaboratif s‚Äôappuie sur un r√©seau de 300+ professionnels certifi√©s, dont la v√©rification des dipl√¥mes utilise la blockchain, une technologie d√©j√† enseign√©e aux √©tudiants en m√©decine de l‚ÄôULB dans le cadre de cours obligatoires. Le workflow en quatre √©tapes (soumission ‚Üí peer review ‚Üí adaptation litt√©ratie sant√© ‚Üí publication) s‚Äôinspire du mod√®le JAMA Patient Page, tout en int√©grant un syst√®me de r√©compenses algorithmiques √©valuant l‚Äôimpact soci√©tal via des m√©triques Altmetrics. Exp√©rience Utilisateur Transformative Modules Interactifs d‚ÄôAuto-√âvaluation Le Health Literacy Scanner utilise des pictogrammes UNI et des questionnaires adaptatifs pour √©valuer les comp√©tences en sant√©, avec un feedback bas√© sur le mod√®le eHEALS. Ce dispositif s‚Äôaccompagne d‚Äôun Simulateur de Risques 3D, inspir√© des recherches du MIT Media Lab, qui visualise les donn√©es √©pid√©miologiques via des matrices probabilistes interactives. Ces outils r√©pondent aux lacunes identifi√©es dans les applications de sant√© grand public, o√π seules 59 % des interventions gamifi√©es montrent des effets positifs sur les comportements sant√©. Personalisation Algorithmique Le Profil Sant√© Holistique synth√©tise 72 param√®tres biologiques et comportementaux pour g√©n√©rer un ‚Äúarbre de vie‚Äù interactif. Ce mod√®le s‚Äôenrichit d‚Äôun syst√®me de recommandation hybride (collaboratif + bas√© contenu) int√©grant des donn√©es environnementales via OpenWeather et PurpleAir, tout en respectant les exigences du RGPD gr√¢ce √† des smart contracts Ethereum pour le consentement dynamique. Optimisation Technique et Conformit√© Infrastructure S√©curis√©e L‚Äôarchitecture Zero-Trust de la plateforme combine un chiffrement homomorphique des donn√©es de sant√© et une pseudonymisation conforme aux standards belges √©mergents. Cette approche r√©duit les co√ªts op√©rationnels de 30 % tout en maintenant un temps de chargement inf√©rieur √† 0,8 seconde, gr√¢ce √† une combinaison de CDN et de prerendering ISR (Incremental Static Regeneration) de Next.js 15. Accessibilit√© Universelle La plateforme d√©passe les standards WCAG 2.2 AA avec un score d‚Äôinclusivit√© minimal de 95/100, valid√© par des audits automatis√©s via Lighthouse CI. Les options de personnalisation neurocognitive incluent un mode dyslexie (police OpenDyslexic), une interface non verbale (biblioth√®que ARASAAC) et une navigation au regard (Tobii Eye Tracking), r√©pondant ainsi aux d√©fis d‚Äôaccessibilit√© identifi√©s dans le contexte belge. Mod√®le √âconomique et Impact Soci√©tal Monetisation √âthique La Marketplace de Services Certifi√©s utilise un curateur algorithmique √©valuant les produits via trois crit√®res : analyse compositionnelle (spectrom√©trie de masse), avis v√©rifi√©s (Proof-of-Purchase) et impact carbone (analyse cycle de vie ISO 14040). L‚Äôabonnement Premium int√®gre un jumeau num√©rique sant√© (Digital Twin) permettant le monitoring pr√©dictif des biomarqueurs, une technologie d√©j√† valid√©e dans des √©tudes sur les survivants du cancer. Mesure d‚ÄôImpact L‚ÄôIndice de Bien-√™tre Collectif mesure mensuellement la r√©duction du stress (√©chelle PSS-10), l‚Äôam√©lioration des habitudes alimentaires (score AHEI) et l‚Äôengagement communautaire. Ces m√©triques s‚Äôappuient sur un programme de recherche participative inspir√© de l‚ÄôApple Heart Study, permettant aux utilisateurs de contribuer √† des √©tudes crowdsourc√©es. Feuille de Route √âvolutive Phase 1 (2025-2026) L‚Äôint√©gration du Health Passport num√©rique via le standard HL7 FHIR s‚Äôaligne sur les tests r√©ussis par l‚Äô√©cosyst√®me eHealth belge, notamment les connexions aux plateformes vaccinales wallonnes et flamandes. Le d√©ploiement d‚Äôun chatbot sant√© certifi√© CE Classe IIa respecte les directives de la CNIL sur le consentement explicite pour les applications de bien-√™tre. Phase 2 (2027-2028) L‚Äôinterop√©rabilit√© avec les DME hospitaliers via HAPI FHIR s‚Äôappuie sur les travaux du projet europ√©en Survivorship Passport, ayant d√©montr√© la faisabilit√© technique d‚Äôune interconnexion s√©curis√©e entre syst√®mes h√©t√©rog√®nes. L‚Äôextension en r√©alit√© mixte pour la r√©√©ducation fonctionnelle s‚Äôinspire du serious game 3D Virtual Operating Room, test√© dans des contextes cliniques r√©els. Phase 3 (2029-) La certification en tant que dispositif m√©dical de Classe III n√©cessitera une validation rigoureuse des mod√®les quantiques et des r√©seaux de capteurs IoT, en collaboration avec des partenaires acad√©miques comme l‚ÄôIMT Atlantique, pionnier dans la recherche sur les jumeaux num√©riques en sant√©. Synth√®se Strat√©gique : healthylivingadvices.com incarne une convergence unique entre rigueur scientifique belge (via le R√©seau EBP), innovation technologique (FHIR, blockchain) et √©thique num√©rique (RGPD). Sa capacit√© √† int√©grer des donn√©es probantes tout en garantissant une accessibilit√© universelle positionne la plateforme comme un mod√®le pour l‚ÄôEurope, align√© sur les priorit√©s du Draft Federal FHIR Action Plan am√©ricain. Les prochains d√©fis r√©sideront dans l‚Äô√©quilibre entre personnalisation algorithmique et protection des donn√©es, notamment lors du d√©ploiement des jumeaux num√©riques √† grande √©chelle.","Updated 5 days ago","Updated 5 days ago","",""
"https://v0.dev/chat/fitness-app-5zyakOXp1sO","Fitness App","Start a new chat from this template.","Updated 6 days ago","Updated 6 days ago","",""
"https://v0.dev/chat/seo-app-thlAkYDXIlj","Seo app","Une app pour am√©liorer son contenu grace au SEO","Updated 6 days ago","Updated 6 days ago","New Project","https://v0.dev/chat/projects/tESUAQJrc9v"
"https://v0.dev/chat/code-and-text-analysis-U7YEUJEfZbG","Code and text analysis","analyze all text & code this","Updated 6 days ago","Updated 6 days ago","",""
"https://v0.dev/chat/fitapp-clone-iXmk0EXNw10","Fitapp Clone","code this fitapp : https://fitapp-fr.netlify.app/","Updated 7 days ago","Updated 7 days ago","Fitapp Clone","https://v0.dev/chat/projects/XnBbE3HtaK1"
"https://v0.dev/chat/code-snippet-CFw73l50QL7","Code snippet","code this :","Updated 7 days ago","Updated 7 days ago","",""
"https://v0.dev/chat/analyze-and-fix-dFRmkOhQvGO","Analyze and fix","`","Updated 7 days ago","Updated 7 days ago","",""
"https://v0.dev/chat/code-all-files-5FkOAnRtRmu","Code all files","code all files :","Updated 7 days ago","Updated 7 days ago","",""
"https://v0.dev/chat/enhanced-prompt-analysis-PQ1yaH2eOLr","Enhanced prompt analysis","Analyze and execute the following prompt, ensuring the output is a refined and enhanced version suitable for v0, Vercel's AI assistant specializing in web development code. The goal is to improve the prompt's clarity, specificity, and effectiveness while preserving its original intent. The enhanced prompt should be detailed, providing sufficient context and constraints to guide v0 in generating the desired code or response. The output should be a single, well-structured JSON object containing the improved prompt.","Updated February 28, 2025","Updated Feb 28, 2025","",""
"https://v0.dev/chat/vizify-ws3R91ZRoDT","Vizify","Start a new chat from this template.","Updated February 27, 2025","Updated Feb 27, 2025","",""
"https://v0.dev/chat/cryptix-ai-kFKQC3mtaGT","Cryptix Ai","Start a new chat from this template.","Updated February 27, 2025","Updated Feb 27, 2025","",""
"https://v0.dev/chat/build-entire-project-fdmUFtZGi7O","Build entire project","check all files and build this.","Updated February 26, 2025","Updated Feb 26, 2025","",""
"https://v0.dev/chat/improve-build-process-7j2vCbhzwjK","Improve Build Process","improve build & deploy","Updated February 26, 2025","Updated Feb 26, 2025","",""
"https://v0.dev/chat/forked-chat-WkR5QRgP8sH","Forked Chat","Please fork this block.","Updated February 25, 2025","Updated Feb 25, 2025","Design with Inverse Venturi","https://v0.dev/chat/projects/pFARQogIMqh"
"https://v0.dev/chat/fork-of-rhymechain-landing-6AGrljRnXuS","Fork of rhymechain-landing","Please fork this block.","Updated February 25, 2025","Updated Feb 25, 2025","Design with Inverse Venturi","https://v0.dev/chat/projects/pFARQogIMqh"
"https://v0.dev/chat/design-with-inverse-venturi-7rsu2q1U7VD","Design with Inverse Venturi","you are a expert en design innovent with la technique d'entonnoir invers√© with best practice.","Updated February 25, 2025","Updated Feb 25, 2025","Design with Inverse Venturi","https://v0.dev/chat/projects/pFARQogIMqh"
"https://v0.dev/chat/fixie-run-platform-pW8YqIvn5Db","Fixie run platform","FixieRun: Revolutionizing Fitness with Scroll zkEVM Introduction In an era where technology and fitness converge, FixieRun emerges as a groundbreaking platform that seamlessly integrates cycling, blockchain technology, and non-fungible tokens (NFTs) to create a unique and rewarding experience for users. This document serves as a comprehensive overview of FixieRun, detailing its innovative features, underlying technology, and the vibrant community that supports it. By leveraging the power of blockchain, FixieRun not only incentivizes physical activity but also fosters a sense of community among fitness enthusiasts and NFT collectors alike. About FixieRun FixieRun is not just another fitness app; it is a revolutionary platform designed to motivate cyclists around the globe. By combining the thrill of cycling with the benefits of blockchain technology, FixieRun allows users to earn $FIXIE tokens and collect unique NFT bikes while engaging in their cycling activities. This innovative approach transforms the way individuals perceive fitness, making it more interactive, rewarding, and enjoyable. How It Works The functionality of FixieRun is straightforward yet highly engaging. Here‚Äôs a step-by-step breakdown of how users can get started and maximize their experience: Download the App: Users begin their journey by downloading the FixieNFTRun app, available on both the App Store and Google Play. The app serves as the central hub for all activities related to cycling and earning rewards. Connect Cycling Activities: Once the app is downloaded, users can connect their cycling activities through the app. This integration allows the app to track distance, speed, and other relevant metrics, ensuring accurate reward distribution. Earn $FIXIE Tokens: For every kilometer ridden, users earn $FIXIE tokens. This token serves as the native cryptocurrency of the FixieRun ecosystem, providing users with tangible rewards for their physical activities. Collect and Upgrade NFT Bikes: As users engage in cycling, they can discover and collect unique NFT bikes. Each bike comes with distinct characteristics and rarity levels, allowing users to enhance their cycling experience and earn more rewards. Compete in Challenges: FixieRun encourages a competitive spirit by allowing users to participate in various challenges. Users can climb the leaderboard, showcasing their achievements and earning additional rewards. Featured NFT Bikes The FixieNFTRun platform boasts a diverse collection of NFT bikes, each with its own unique attributes and rarity levels. Here are some of the featured NFT bikes available for users to collect: Urban Fixie: Description: Ideal for city rides and daily commutes. Characteristics: Features a sleek and agile design, perfect for navigating urban environments. Rarity Level: Common Speed Demon: Description: Designed for velocity and long-distance rides. Characteristics: Offers high speed and durability, making it a favorite among competitive cyclists. Rarity Level: Rare Vintage Cruiser: Description: Combines classic style with modern performance. Characteristics: Timeless design paired with contemporary features for a unique riding experience. Rarity Level: Epic CyberFixie Prototype: Description: A limited edition bike with a retro-futuristic design. Characteristics: Showcases futuristic aesthetics while delivering advanced performance. Rarity Level: Legendary Technology The technological backbone of FixieRun is robust and innovative, ensuring a seamless user experience while maintaining security and transparency. Here are the key technological components: Ethereum-based NFTs: FixieRun utilizes the Ethereum blockchain to create and manage NFTs. Each NFT represents a unique digital asset, ensuring ownership and authenticity. Proof-of-Ride Consensus Mechanism: This mechanism guarantees that every cycling activity is securely recorded on the blockchain, providing transparency and trust in the system. Decentralized Reward Distribution: Smart contracts automate the distribution of rewards based on users' cycling activities, ensuring that rewards are allocated fairly and efficiently. Integration with Popular Fitness Tracking Apps: FixieRun seamlessly integrates with popular fitness tracking applications, allowing users to sync their data effortlessly and enhance their overall experience. What Our Users Say User feedback is crucial in understanding the impact of FixieRun on the cycling community. Here are some testimonials from satisfied users: Sarah J., Cycling Enthusiast: ""FixieNFTRun has completely changed the way I approach cycling. It's addictive and rewarding! I find myself looking forward to my rides more than ever."" Mike T., NFT Collector: ""I love collecting NFT bikes and competing with friends. It's a fun way to stay motivated and engaged with my fitness goals."" John D., Fitness Enthusiast: ""The NFT bikes on FixieNFTRun are not just digital collectibles; they add a new dimension to my cycling routine. I can't get enough of it!"" How to Get Started Getting started with FixieRun is simple and straightforward. Here‚Äôs a detailed guide: Sign Up for the Newsletter: Stay informed about the latest news, updates, and developments within the FixieRun community. Download the App: The FixieNFTRun app is available for download on both the App Store and Google Play, making it accessible to a wide range of users. Join the Community: Connect with fellow riders and enthusiasts on platforms like Discord and Twitter. Engaging with the community enhances the overall experience and provides opportunities for collaboration and competition. FixieRun - Tokenomics and Roadmap Introduction Understanding the economic model and future plans of FixieRun is essential for users who wish to engage deeply with the platform. This section provides detailed insights into the tokenomics and roadmap of FixieRun. Tokenomics FIXIE Token: The native cryptocurrency of the FixieRun ecosystem, the $FIXIE token plays a pivotal role in the platform's economy. Token Distribution: Community Rewards: 40% Development Fund: 20% Team and Advisors: 15% Liquidity Pool: 15% Marketing and Partnerships: 10% Token Utility: Rewards for Physical Activities: Users earn FIXIE tokens for their daily movements, incentivizing a more active lifestyle. Purchase and Upgrade NFT Gear: Users can enhance their digital fitness assets by purchasing and upgrading NFT bikes and gear. Participate in Governance Decisions: Token holders have a say in the platform's future, influencing key decisions and developments. Access Premium Features and Challenges: Unlock exclusive content and events that enhance the overall user experience. FixieNFTRun - Technology and Community Introduction The technology behind FixieNFTRun is designed to provide a secure and engaging experience for users. This section delves into the cutting-edge technology and the vibrant community that supports the platform. Technology Blockchain-Powered Rewards: FixieNFTRun leverages blockchain technology to ensure secure, transparent, and instant rewards for cycling activities. Ethereum-based NFTs: Each NFT is a unique digital asset representing ownership of a virtual bike, secured by the Ethereum blockchain. Proof-of-Ride Consensus Mechanism: This mechanism guarantees that every pedal stroke is recorded on the blockchain, ensuring the authenticity of achievements and earnings. Decentralized Reward Distribution: Smart contracts automate the distribution of rewards based on cycling activity, ensuring efficiency and fairness. Integration with Popular Fitness Tracking Apps: Users can seamlessly integrate their favorite fitness tracking apps for a smooth and enjoyable experience. Community Join Our Community: FixieRun fosters a vibrant community of cyclists, NFT enthusiasts, and blockchain pioneers. Users can share achievements, trade tips, and participate in exclusive events. Community Stats: Track the total distance cycled by the FixieNFTRun community, showcasing the collective effort and engagement of users. Community Events: Weekly Challenges: Compete in weekly challenges to climb the leaderboard and earn additional rewards. Virtual Races: Participate in virtual races to prove your cycling prowess and connect with fellow cyclists. Exclusive Events: Join exclusive events to meet fellow cyclists and NFT collectors, enhancing the sense of community. FixieRun - Features and User Testimonials Introduction This section highlights the key features of the FixieRun platform and showcases testimonials from satisfied users, emphasizing the unique aspects that set FixieRun apart from traditional fitness applications. Key Features Move-to-Earn: Users earn rewards for their daily movement and exercise routines, incentivizing a more active lifestyle. NFT Marketplace: Trade unique digital assets and boost earning potential by collecting and upgrading NFT bikes. Social Fitness: Connect with friends, join challenges, and compete globally, fostering a sense of community and camaraderie. Secure Blockchain Technology: Users can rest assured that their earnings and assets are protected by cutting-edge blockchain security. User Testimonials Emily R., Fitness Enthusiast: ""FixieRun has made my daily workouts so much more enjoyable. I love earning rewards while staying fit! It‚Äôs a game-changer for my fitness routine."" David L., Crypto Investor: ""The combination of fitness and crypto is genius. I'm earning while I'm burning calories‚Äîit's a win-win! I can‚Äôt believe how much I look forward to my rides now."" Laura K., Social Media Influencer: ""The social features on FixieRun are amazing. I can connect with friends, join challenges, and compete globally. It's like having a virtual fitness family!"" Ride into the Future with FixieRun As we stand on the brink of a new era in fitness, FixieRun invites you to experience the thrill of cycling in the Web3 landscape. Collect unique NFT bikes, complete real-world challenges, and earn crypto rewards that enhance your fitness journey. Get Started Download the App: Available on both the App Store and Google Play, the FixieNFTRun app is your gateway to a new world of fitness rewards. Sign Up for the Newsletter: Stay updated on the latest news and developments within the FixieRun community. Join the Community: Connect with fellow riders on Discord and Twitter, sharing your achievements and participating in exciting events. Conclusion In conclusion, FixieRun represents a significant advancement in the intersection of fitness, blockchain technology, and NFTs. By providing users with a platform that rewards physical activity, fosters community engagement, and offers unique digital collectibles, FixieRun is poised to revolutionize the way we approach fitness. Whether you are a seasoned cyclist, an NFT enthusiast, or someone looking to enhance their fitness journey, FixieRun offers a comprehensive and engaging experience that is both rewarding and enjoyable. Join us as we ride into the future of fitness, where every pedal stroke counts, and every achievement is celebrated. ¬© 2024 FixieRun. All rights reserved.","Updated February 25, 2025","Updated Feb 25, 2025","",""
"https://v0.dev/chat/ia-and-seo-course-W6B1vcbKNcl","IA and SEO Course","Create a beautiful onepageseo with agent ai text-to-speech (best quality) Programme de Formation Innovant : ""Expert en IA et SEO"" Structure P√©dagogique 1. Modules Progressifs Adapt√©s aux Niveaux D√©butant √† Avanc√© Module 1 : Introduction √† l'IA et au SEO Niveau : D√©butant Contenu : Pr√©sentation des concepts de base de l'IA et du SEO, importance de l'IA dans le SEO, panorama des outils IA. Module 2 : Fondamentaux de l'Intelligence Artificielle Niveau : D√©butant √† Interm√©diaire Contenu : Comprendre les algorithmes, les r√©seaux neuronaux, l'apprentissage automatique, et l'apprentissage profond. Module 3 : Outils IA Actuels et √âmergents Niveau : Interm√©diaire Contenu : Exploration des outils IA les plus populaires (ChatGPT, DeepSeek R1, Google AI, etc.), comparaison et s√©lection des outils. Module 4 : Prompting Avanc√© et Ing√©nierie des Prompts Niveau : Interm√©diaire √† Avanc√© Contenu : Techniques avanc√©es de prompting, cr√©ation de prompts efficaces, optimisation des r√©ponses AI. Module 5 : Int√©gration de l'IA dans le Workflow Professionnel Niveau : Avanc√© Contenu : Automatisation des t√¢ches, cr√©ation de workflows, int√©gration de l'IA dans les processus de travail. Module 6 : √âthique et Bonnes Pratiques Niveau : Avanc√© Contenu : Consid√©rations √©thiques, respect de la vie priv√©e, conformit√© l√©gale, et meilleures pratiques. 2. Approche Pratique avec Cas Concrets √âtudes de Cas : Analyse de cas r√©els d'entreprises ayant int√©gr√© l'IA dans leur strat√©gie SEO. Projets Pratiques : Mise en ≈ìuvre de projets r√©els, tels que la cr√©ation d'un site web optimis√© par l'IA, l'automatisation de la cr√©ation de contenu, et l'analyse de donn√©es SEO. 3. M√©thodologie d'Apprentissage Hybride (Th√©orie + Pratique) Cours Th√©oriques : Vid√©os, pr√©sentations, et lectures pour comprendre les concepts. Ateliers Pratiques : Sessions en direct pour pratiquer les techniques apprises, avec feedback en temps r√©el. Projets de Groupe : Collaboration sur des projets pour appliquer les connaissances acquises. 4. √âvaluations Interactives et Projets R√©els Quizz et Tests : √âvaluations interactives pour v√©rifier la compr√©hension des concepts. Projets Individuels : R√©alisation de projets personnels, √©valu√©s par des experts. Feedback Constructif : Retours d√©taill√©s sur les projets et les performances. Contenu Sp√©cialis√© IA 1. Fondamentaux de l'Intelligence Artificielle Algorithmes et R√©seaux Neuronaux Apprentissage Automatique et Profond Applications de l'IA dans le SEO 2. Outils IA Actuels et √âmergents ChatGPT, DeepSeek R1, Google AI Comparaison et S√©lection des Outils Int√©gration dans les Processus de Travail 3. Prompting Avanc√© et Ing√©nierie des Prompts Techniques de Prompting Cr√©ation de Prompts Efficaces Optimisation des R√©ponses AI 4. Int√©gration de l'IA dans le Workflow Professionnel Automatisation des T√¢ches Cr√©ation de Workflows Int√©gration dans les Processus de Travail 5. √âthique et Bonnes Pratiques Consid√©rations √âthiques Respect de la Vie Priv√©e Conformit√© L√©gale Meilleures Pratiques Composante SEO 1. Optimisation pour les Algorithmes IA Comprendre les Algorithmes de Recherche Optimisation des Contenus pour l'IA Techniques de Ranking 2. SEO S√©mantique et NLP Comprendre le SEO S√©mantique Utilisation de la NLP pour l'Optimisation Analyse des Requ√™tes de Recherche 3. Strat√©gies de Contenu Optimis√© IA Cr√©ation de Contenu de Qualit√© Optimisation des M√©tadonn√©es Strat√©gies de Link Building 4. Analyse de Donn√©es et KPIs Outils d'Analyse de Donn√©es Suivi des KPIs Interpr√©tation des R√©sultats 5. Veille Technologique et Adaptation Suivi des Nouvelles Technologies Adaptation aux √âvolutions des Algorithmes Strat√©gies d'Innovation M√©thodes d'Enseignement Innovantes 1. Apprentissage Personnalis√© par IA Adaptation des Contenus en Fonction du Niveau Recommandations de Cours et de Ressources Feedback Automatis√© 2. Exercices Pratiques en Temps R√©el Sessions en Direct avec Feedback Projets Pratiques Guid√©s Collaboration en Temps R√©el 3. Feedback Automatis√© √âvaluations Automatis√©es Retours Instantan√©s sur les Performances Suggestions d'Am√©lioration 4. Collaboration et Peer-Learning Groupes de Discussion Projets de Groupe √âchanges et Partages d'Exp√©riences 5. Microlearning et Mobile Learning Cours Courts et Concis Accessibilit√© sur Mobile Apprentissage en Continu Livrables et Ressources 1. Templates et Checklists Mod√®les de Projets Checklists pour l'Optimisation Guides Pratiques 2. Guides Pratiques T√©l√©chargeables Guides sur l'IA et le SEO Manuels d'Utilisation des Outils Ressources Compl√©mentaires 3. Biblioth√®que de Prompts Optimis√©s Prompts pour la Cr√©ation de Contenu Prompts pour l'Optimisation SEO Prompts pour l'Analyse de Donn√©es 4. Acc√®s aux Derni√®res Mises √† Jour Mises √† Jour R√©guli√®res des Contenus Nouvelles Technologies et Tendances Ressources Mises √† Jour 5. Communaut√© d'Apprentissage Active Forum de Discussion Groupes de Support √âv√©nements et Webinaires Objectif Former des experts capables d'utiliser efficacement l'IA pour optimiser leur strat√©gie SEO et cr√©er du contenu performant. Plan d'article de blog optimis√© 2.0 : ¬´ [Nom du produit] : La Solution R√©volutionnaire pour [B√©n√©fice Principal] ¬ª üéØ PR√âPARATION SEO Mot-cl√© principal : [Nom du produit] Mots-cl√©s secondaires : [Liste de 3-5 mots-cl√©s] Meta title : [60 caract√®res max] Meta description : [155 caract√®res max] üìù STRUCTURE DE L'ARTICLE 1. Introduction Impact (‚âà 300 mots) Statistique choc : ""[Donn√©e surprenante]"" Question provocatrice Probl√©matique centrale Promesse de transformation [Encadr√© visuel #1 : Infographie du probl√®me] 2. √âtat des Lieux (‚âà 400 mots) 2.1 Analyse du March√© D√©fis actuels Co√ªts d'inaction Tendances √©mergentes 2.2 Points de Friction Top 3 des probl√®mes Impact financier T√©moignages de frustration [Encadr√© visuel #2 : Graphique comparatif] 3. [Nom du produit] : La Solution (‚âà 500 mots) 3.1 Pr√©sentation Elevator pitch USP clairement d√©finie D√©monstration vid√©o 3.2 Avantages Imm√©diats 3 quick wins garantis ROI √† 30/60/90 jours [Encadr√© visuel #3 : D√©mo produit] 4. Innovation & Technologie (‚âà 600 mots) 4.1 Caract√©ristiques Techniques Innovation brevet√©e Architecture unique S√©curit√© renforc√©e 4.2 Interface Utilisateur UX simplifi√©e Onboarding personnalis√© Support 24/7 4.3 Scalabilit√© Plan d'√©volution Int√©grations API Personnalisation avanc√©e [Encadr√© visuel #4 : Sch√©ma technique] 5. R√©sultats Prouv√©s (‚âà 400 mots) √âtudes de cas d√©taill√©es M√©triques de performance T√©moignages vid√©o clients Certifications & Prix [Encadr√© visuel #5 : Dashboard r√©sultats] 6. Offre Sp√©ciale (‚âà 300 mots) 6.1 Package ""Early Adopter"" Prix pr√©f√©rentiel Bonus exclusifs Garantie satisfaction 6.2 Appels √† l'Action CTA Principal : [Action sp√©cifique] CTA Secondaire : [Alternative] [Encadr√© visuel #6 : Box offre limit√©e] 7. Conclusion & Perspectives (‚âà 200 mots) Vision future Prochaines fonctionnalit√©s Invitation √† rejoindre [Encadr√© visuel #7 : Roadmap] üîç OPTIMISATION TECHNIQUE Structure HTML html Copier <article> <h1>Titre principal optimis√©</h1> <h2>Sous-titres strat√©giques</h2> <h3>Points cl√©s</h3> </article> Rich Snippets FAQ Schema Product Schema Review Schema M√©dias Optimis√©s Images ALT optimis√©es Vid√©os transcrites Infographies partageables Liens Strat√©giques Internes : 5-7 liens Externes : 3-4 sources autoritaires Ancres optimis√©es üìä MESURES DE PERFORMANCE Temps de lecture : 8-10 minutes Mots-cl√©s densit√© : 1-2% Points de scroll : 4-5 CTA visibilit√© : 3 emplacements [Note : Optimiser chaque section pour le featured snippet]","Updated February 24, 2025","Updated Feb 24, 2025","",""
"https://v0.dev/chat/code-request-Bix97Kb8swP","Code request","code this","Updated February 23, 2025","Updated Feb 23, 2025","",""
"https://v0.dev/chat/text-paste-issue-Lio8Cakpvzj","Text paste issue","pasted","Updated February 22, 2025","Updated Feb 22, 2025","",""
"https://v0.dev/chat/expert-advice-on-engineering-social-JVCNf6Le5QI","Expert advice on engineering soc","Tu es un expert acad√©mique sp√©cialis√© dans l'ing√©nierie sociale avec une exp√©rience pratique de plus de 20 ans. Fournis une r√©ponse d√©taill√©e et structur√©e qui : Commence par une introduction personnalis√©e et professionnelle D√©veloppe en profondeur les aspects suivants de l'ing√©nierie sociale : Analyse comportementale avanc√©e avec exemples concrets Techniques d'influence et persuasion √©thiques Applications de la psychologie sociale Innovations en communication num√©rique Bonnes pratiques en s√©curit√© de l'information Intelligence √©motionnelle et communication interpersonnelle Pour chaque section : Inclure des explications th√©oriques Fournir des exemples pratiques et √©tudes de cas Int√©grer des applications concr√®tes Mentionner les derni√®res tendances et technologies Le ton doit √™tre : Professionnel mais accessible P√©dagogique et bienveillant √âquilibr√© entre th√©orie et pratique Conclure avec : Une synth√®se des points principaux Une ouverture au dialogue Une invitation √† approfondir des points sp√©cifiques Format : Texte structur√© avec paragraphes distincts, transitions fluides et progression logique des id√©es","Updated February 22, 2025","Updated Feb 22, 2025","",""
"https://v0.dev/chat/payment-modal-hoAcgG5WRPO","Payment Modal","Start a new chat from this template.","Updated February 21, 2025","Updated Feb 21, 2025","Payment Modal","https://v0.dev/chat/projects/lyIcKPu7s8G"
"https://v0.dev/chat/fork-of-project-tracking-dashboard-bBSqPtCMPIL","Fork of project-tracking-dashboa","Please fork this block.","Updated February 21, 2025","Updated Feb 21, 2025","dashboard","https://v0.dev/chat/projects/00diuN7IzHc"
"https://v0.dev/chat/code-request-o9ON33n9twt","Code request","code this","Updated February 19, 2025","Updated Feb 19, 2025","",""
"https://v0.dev/chat/code-analysis-request-1uTNTigSb6o","Code analysis request","analyse & code this :","Updated February 19, 2025","Updated Feb 19, 2025","",""
"https://v0.dev/chat/fork-of-memory-game-8IaFH5wmNvm","Fork of memory-game","Please fork this block.","Updated February 19, 2025","Updated Feb 19, 2025","",""
"https://v0.dev/chat/kids-memory-game-rHalcRnZ17t","Kids Memory Game","Start a new chat from this template.","Updated February 19, 2025","Updated Feb 19, 2025","",""
"https://v0.dev/chat/fork-of-integrations-page-GBueCtnobMP","Fork of integrations-page","Please fork this block.","Updated February 19, 2025","Updated Feb 19, 2025","",""
"https://v0.dev/chat/integrations-page-QGWdUAbrYvW","Integrations Page","Start a new chat from this template.","Updated February 19, 2025","Updated Feb 19, 2025","",""
"https://v0.dev/chat/fixie-run-web3-app-ekxo5rtdsYz","FixieRun Web3 App","FixieRun Web3 FitApp."" Let‚Äôs summarize the key points and recommendations: Key User Interface Considerations Primary Tasks: Track activities: running, cycling, walking. View history and stats. Earn/manage Web3 tokens. Connect Web3 wallets. Participate in challenges and view leaderboards. Intuitive Design Elements: Dashboard: Clean layout for activity tracking. Progress Bars: Visualize goal completion. Wallet Connection: Seamless integration. Tabbed Interface: Easy access to different sections. UI Elements: Buttons: Start/stop activities. Tabs: Different sections like Activity, History, Wallet, Challenges. Progress Bars/Charts: Track performance. Pop-ups/Alerts: Notify goal achievements. Wallet Connect: Integrate MetaMask or WalletConnect. Detailed UI Description Home Screen: Large ""Start Run"" button. Progress bar for token rewards. Timer and distance display. ""Stop Run"" button. History Tab: List of past activities. Filters for stats (weekly, monthly). Rewards (Wallet) Tab: Display token balance. Connect/disconnect wallets. Show transaction history. Challenges Tab: Progress bars for challenges. Leaderboards for rankings. Code Implementation (Next.js and React) Here's a simple setup for the activity tracker component using React and Web3.js: javascript Copier import React, { useState, useEffect } from 'react'; import Web3 from 'web3'; const FixieRunApp = () => { const [isRunning, setIsRunning] = useState(false); const [distance, setDistance] = useState(0); const [timer, setTimer] = useState(0); const [web3, setWeb3] = useState(null); const [account, setAccount] = useState(''); const [tokenBalance, setTokenBalance] = useState(0); useEffect(() => { if (window.ethereum) { const web3Instance = new Web3(window.ethereum); setWeb3(web3Instance); window.ethereum.request({ method: 'eth_requestAccounts' }) .then(accounts => setAccount(accounts[0])) .catch(err => console.error(err)); } else { alert('Please install MetaMask to use this app.'); } }, []); const startRun = () => { setIsRunning(true); // Start GPS tracking logic here }; const stopRun = () => { setIsRunning(false); // Stop GPS tracking logic here mintTokens(distance); }; const mintTokens = async (distanceCovered) => { if (web3 && account) { try { const contract = new web3.eth.Contract(/* ABI */, /* contract address */); await contract.methods.mintTokens(distanceCovered).send({ from: account }); const balance = await contract.methods.balanceOf(account).call(); setTokenBalance(balance); } catch (err) { console.error(""Error minting tokens:"", err); } } }; return ( <div> <h1>FixieRun Web3 FitApp</h1> <p>Account: {account}</p> <p>Token Balance: {tokenBalance}</p> {isRunning ? ( <> <p>Distance: {distance} km</p> <p>Time: {timer} seconds</p> <button onClick={stopRun}>Stop Run</button> </> ) : ( <button onClick={startRun}>Start Run</button> )} </div> ); }; export default FixieRunApp; Deployment Strategy Frontend: Use Vercel for deploying the Next.js app. Backend: Consider Heroku or AWS Lambda for scalability. Smart Contracts: Deploy using Truffle or Hardhat. Token Rewards and Challenges Minting Logic: Use GPS for distance tracking, mint tokens accordingly. Challenges: Include leaderboards for competition.","Updated February 19, 2025","Updated Feb 19, 2025","FixieRun Web3 App","https://v0.dev/chat/projects/QP2wMt0VP6m"
"https://v0.dev/chat/project-dashboard-development-aqkrxBtUIP3","Project dashboard development","develop a projects dashboard/Tracking with this .csv","Updated February 17, 2025","Updated Feb 17, 2025","dashboard","https://v0.dev/chat/projects/00diuN7IzHc"
"https://v0.dev/chat/project-tracking-dashboard-BVKqCUCmY1Q","Project tracking dashboard","Project Tracking Dashboard The Project Tracking Dashboard serves as a comprehensive tool for monitoring and managing various projects within an organization. It provides a high-level overview of project statuses, priorities, and other essential metrics that facilitate informed decision-making and efficient resource allocation. Below, we will delve into the various components of the dashboard, including summary statistics, project filtering options, and detailed project information. Summary Statistics The summary statistics section provides a quick snapshot of the overall project landscape within the organization. This section is crucial for stakeholders who need to understand the current state of projects at a glance. The following statistics are presented: Total Projects: 29 This figure represents the total number of projects currently being tracked within the organization. It includes all projects, regardless of their status or priority level. Active Projects: 12 This number indicates the projects that are currently in progress and require ongoing attention. Active projects are those that have not been completed or put on hold. High Priority Projects: 12 High priority projects are those that have been identified as critical to the organization‚Äôs goals and objectives. These projects typically require immediate attention and resources to ensure their successful completion. In Progress Projects: 4 This statistic highlights the number of projects that are actively being worked on. It is a subset of active projects and indicates the current workload of the project teams. Filter Projects To enhance usability and allow users to focus on specific areas of interest, the dashboard includes a filtering mechanism. Users can filter projects based on various criteria, which helps in narrowing down the list of projects to those that are most relevant to their needs. The available filters include: Category: Users can filter projects by category, such as Infrastructure, Software Development, Marketing, etc. This allows stakeholders to focus on specific types of projects that align with their interests or responsibilities. Status: This filter enables users to view projects based on their current status, such as Active, Completed, On Hold, or Cancelled. This is particularly useful for project managers who need to assess the progress of ongoing projects. Priority: Users can filter projects by priority level, including High, Medium, and Low. This helps in identifying projects that require immediate attention and resources, ensuring that critical tasks are prioritized. Project Details The project details section provides an in-depth view of each project, allowing stakeholders to understand the specifics of individual projects. The following columns are included in the project details table: Project Name Category Status Priority Location Next Actions Dependencies Tech Stack Documentation Last Updated Project A Infrastructure Active High New York Complete Phase 1 Project B React, Node.js Link 2023-10-01 Project B Infrastructure Active High San Francisco Start Phase 2 None Angular, Java Link 2023-09-25 Project C Software Development In Progress Medium Remote Review Code Project A Python, Django Link 2023-10-05 Project D Marketing On Hold Low Chicago Reassess Strategy Project C N/A Link 2023-09-15 Project Name: This column lists the name of each project, providing a clear identifier for stakeholders to reference. Category: The category of the project, which helps in understanding the type of work being undertaken. Categories can include Infrastructure, Software Development, Marketing, and more. Status: The current status of the project, indicating whether it is Active, In Progress, Completed, On Hold, or Cancelled. This information is vital for assessing the project‚Äôs lifecycle stage. Priority: The priority level assigned to the project, which can be High, Medium, or Low. This helps in determining the urgency and importance of the project relative to others. Location: The geographical location associated with the project, which can be important for resource allocation and team management. Next Actions: This column outlines the immediate next steps that need to be taken for each project. It provides clarity on what actions are required to move the project forward. Dependencies: Dependencies indicate any other projects or tasks that must be completed before the current project can proceed. Understanding dependencies is crucial for effective project management and scheduling. Tech Stack: The technology stack used in the project, which can include programming languages, frameworks, and tools. This information is essential for technical teams to understand the project‚Äôs requirements and capabilities. Documentation: A link to the project documentation, which provides detailed information about the project‚Äôs objectives, scope, and processes. Proper documentation is key to ensuring that all stakeholders are aligned and informed. Last Updated: The date when the project information was last updated. This helps stakeholders gauge the currency of the information and ensures that they are working with the most recent data.","Updated February 17, 2025","Updated Feb 17, 2025","dashboard","https://v0.dev/chat/projects/00diuN7IzHc"
"https://v0.dev/chat/3-d-landing-page-sblkOAneQah","3D Landing Page","Start a new chat from this template.","Updated February 17, 2025","Updated Feb 17, 2025","",""
"https://v0.dev/chat/portfolio-WByhsSWvc2l","Portfolio","Start a new chat from this template.","Updated February 15, 2025","Updated Feb 15, 2025","Portfolio","https://v0.dev/chat/projects/ikMondsmc2V"
"https://v0.dev/chat/web3-and-ai-roadmap-lctDYDPu07v","Web3 and AI roadmap","I'll elaborate on a few key points and provide specific recommendations for the Web3/Blockchain and AI/ML categories, as these seem to be the core focus areas with high-priority projects. 1. Prioritize Web3 and AI/ML projects: Elaboration: These two categories represent cutting-edge technologies with high potential impact. They're also interconnected, as AI can enhance blockchain applications and vice versa. Focusing on these areas can position your organization as an innovator in the tech space. Specific Recommendations for Web3/Blockchain Projects: a) FixieRun Landing Page: - Implement a component-based architecture using React to improve reusability and maintainability. - Use a static site generator like Next.js for improved performance and SEO. - Integrate Web3 wallet connections (e.g., MetaMask, WalletConnect) for seamless user onboarding. b) FixieRun Smart Contracts: - Prioritize security audits using tools like Slither and MythX. - Implement formal verification for critical contract functions. - Develop a comprehensive test suite including unit tests, integration tests, and fuzz testing. c) FixieRun Ethos: - Create a clear roadmap for Web3 integration, outlining milestones and dependencies. - Implement a decentralized identity (DID) system for user authentication and data management. - Explore integration with decentralized storage solutions like IPFS for content management. Specific Recommendations for AI/ML Projects: a) AIFTW Platform Dashboard: - Utilize Docker Compose for easier management of multi-container applications. - Implement auto-scaling for the AI models using Kubernetes to handle varying loads efficiently. - Develop a modular architecture that allows easy integration of new AI models and services. b) AIFTW Model Training: - Implement distributed training using frameworks like Horovod or PyTorch Distributed to speed up the process. - Use MLflow for experiment tracking and model versioning. - Explore techniques like quantization and pruning to optimize model performance for deployment. c) Content Generation API: - Implement a plugin architecture to easily add new models without changing the core API structure. - Use API gateways like Kong or Tyk for better security, rate limiting, and analytics. - Implement caching mechanisms (e.g., Redis) to improve response times for frequently requested content. 2. Improve documentation: Elaboration: Good documentation is crucial for project maintainability, onboarding new team members, and ensuring consistent development practices across projects. Specific Recommendations: - Implement a documentation-as-code approach using tools like MkDocs or Sphinx. - Create a standardized documentation template that includes sections for project overview, setup instructions, API references, and contribution guidelines. - Set up automated documentation generation from code comments using tools like JSDoc for JavaScript/TypeScript projects or Sphinx for Python projects. - Implement a documentation review process as part of the pull request workflow. 3. Implement consistent testing: Elaboration: A robust testing strategy ensures code quality, reduces bugs, and makes it easier to implement new features without breaking existing functionality. Specific Recommendations: - Adopt a test-driven development (TDD) approach across all projects. - Implement a consistent testing framework stack: - For JavaScript/TypeScript projects: Jest for unit testing, Cypress for end-to-end testing. - For Python projects: pytest for unit testing, Selenium for end-to-end testing. - Set up continuous integration to run tests automatically on every pull request. - Implement code coverage tools and set minimum coverage thresholds for all projects. 4. Infrastructure focus: Elaboration: Strong infrastructure is the backbone of successful software projects. It ensures scalability, reliability, and ease of deployment. Specific Recommendations for Infrastructure Projects: a) SaaS Project Template: - Develop a microservices architecture template using Docker and Kubernetes. - Implement infrastructure-as-code using tools like Terraform or Pulumi. - Create a standardized logging and monitoring setup using the ELK stack (Elasticsearch, Logstash, Kibana) or a cloud-based solution like Datadog. b) CI/CD Pipeline Templates: - Develop templates for different types of projects (e.g., frontend, backend, full-stack). - Implement multi-environment deployments (dev, staging, production) with appropriate safeguards. - Integrate security scanning tools like SonarQube or Snyk into the CI/CD pipeline. c) API Gateway Service: - Implement OAuth 2.0 and OpenID Connect for robust authentication and authorization. - Set up rate limiting and request validation to protect against abuse. - Implement API versioning to manage changes and updates more effectively.","Updated February 15, 2025","Updated Feb 15, 2025","aiftw saas ai chatbots - squads","https://v0.dev/chat/projects/oJuCnPHhC8z"
"https://v0.dev/chat/hero-geometric-background-Fa3snh71squ","Hero Geometric Background","Start a new chat from this template.","Updated February 14, 2025","Updated Feb 14, 2025","",""
"https://v0.dev/chat/model-selection-5uzmOQF3mPK","Model Selection","use un des deux model for my web app","Updated February 13, 2025","Updated Feb 13, 2025","",""
"https://v0.dev/chat/fork-of-aiftw-dashboard-JXrbmc2f3r2","Fork of AIFTW Dashboard","Please fork this block.","Updated February 10, 2025","Updated Feb 10, 2025","aiftw saas ai chatbots - squads","https://v0.dev/chat/projects/oJuCnPHhC8z"
"https://v0.dev/chat/analytics-dashboard-JjcQdvayC2h","Analytics Dashboard","Start a new chat from this template.","Updated February 10, 2025","Updated Feb 10, 2025","",""
"https://v0.dev/chat/chatbot-selection-analysis-B78CpMYI1qV","Chatbot selection analysis","analyze les chatbots pour me selection√© les 10-12 meilleurs :","Updated February 10, 2025","Updated Feb 10, 2025","aiftw saas ai chatbots - squads","https://v0.dev/chat/projects/oJuCnPHhC8z"
"https://v0.dev/chat/analyze-task-list-Rzpy7YlqkyV","Analyze task list","analyze this et apply all taskds","Updated February 6, 2025","Updated Feb 6, 2025","Next.js + shadcn/ui","https://v0.dev/chat/projects/5L7J62etzQs"
"https://v0.dev/chat/front-end-and-back-end-uJRXo0MSgiP","Front end and back end","code this front-end et back end je vais add des fichier .html avec le reste des liens pour mon app","Updated February 6, 2025","Updated Feb 6, 2025","fixie","https://v0.dev/chat/projects/kqOiYwLIZhS"
"https://v0.dev/chat/vercel-storage-links-y0E2Ewykzc1","Vercel Storage Links","object-cover src absolute href h-full src line-clamp-1 text-[13px] https://v0.dev/_next/image?url=https%3A%2F%2Fgvsmhepiuiax2e6y.public.blob.vercel-storage.com%2Ftemplates%2Fassets%2Fwaitlist-XkABSUgIpKpVQVVvb0qsRh9fVIIDdc.png&w=3840&q=75 https://v0.dev/chat/community/JBjhvZxx51N https://vercel.com/api/www/avatar/9gZ3ITi99JO6PLh5ZAxjkgJj?s=64 Product Launch Waitlist 81 Forks https://v0.dev/_next/image?url=https%3A%2F%2Fgvsmhepiuiax2e6y.public.blob.vercel-storage.com%2Ftemplates%2Fassets%2F237-NiZapxMYXRp1yi5ILq1pq8eHjg0pTV.jpg&w=3840&q=75 https://v0.dev/chat/community/HJBw6m48HwV https://vercel.com/api/www/avatar/9gZ3ITi99JO6PLh5ZAxjkgJj?s=64 237 80 Forks https://v0.dev/_next/image?url=https%3A%2F%2Fgvsmhepiuiax2e6y.public.blob.vercel-storage.com%2Ftemplates%2Fassets%2FCleanShot%25202025-01-15%2520at%252002.35.20%402x-qgoLHseWkI8wHf5xSljjohJ982vc88.png&w=3840&q=75 https://v0.dev/chat/community/dP3UBdVxREK https://vercel.com/api/www/avatar/QwdUqrr15yNkcj5icYA3Nn0h?s=64 Two-column Login 75 Forks https://v0.dev/_next/image?url=https%3A%2F%2Fsjc.microlink.io%2FMNa5TaTE9_cgnDbdM2ZFuR16U1y3iPvoMJfAiOTP64ppcGcjoxCNQn1LOK989zoSnPXbiYyb_sI-ZDRlSbJMOg.jpeg&w=3840&q=75 https://v0.dev/chat/community/wUdTjQ1F6Bf https://vercel.com/api/www/avatar/jwr8UlRZludCU3N28oZzNobK?s=64 Fermy Landing Page 70 Forks https://v0.dev/_next/image?url=https%3A%2F%2Fsjc.microlink.io%2F-DNqdtox2oc2FdHibwU2XX0fOPS8biXzB-2cSloYinPxJv5HwAhCYYM1lzb35Lj80h0LyiyPVqUF-YO4pFi7Iw.jpeg&w=3840&q=75 https://v0.dev/chat/community/ROnXwZZ14cU https://vercel.com/api/www/avatar/Z9LcqIiG9UODYlW218p00iIg?s=64 Card Hover Effect Demo 68 Forks https://v0.dev/_next/image?url=https%3A%2F%2Fgvsmhepiuiax2e6y.public.blob.vercel-storage.com%2Ftemplates%2Fassets%2FScreenshot%25202025-02-02%2520at%252011.59.47%25E2%2580%25AFAM-JeiQvFDVyzDHJ25ofDg2yidnXYcur9.png&w=3840&q=75 https://v0.dev/chat/community/DuidKNEmCKf https://vercel.com/api/www/avatar/EHNrlbkVZKuP8TxtAXO26Vkf?s=64 Financial Dashboard 63 Forks https://v0.dev/_next/image?url=https%3A%2F%2Fsjc.microlink.io%2F2KFaihZrfcQFEByEHIJVc570q2m0Np1am1wHPnt-meWB5hfi5Lra6L517AM7FUazYPZGfRG2M3uSQn5sANdLEg.jpeg&w=3840&q=75 https://v0.dev/chat/community/cUyexhqM9fa https://vercel.com/api/www/avatar/oI5EgtFLqfTm3WFAONXjZQbg?s=64 Three In A Row 60 Forks https://v0.dev/_next/image?url=https%3A%2F%2Fsjc.microlink.io%2FxzxyJoNxWXKG93XqIgskylPBRxNnBCA7xxKvN2ACJZco7rKZpnFyvzNT5zM0x66_Uvzb2xz3QIuR5lZ65yL8lw.jpeg&w=3840&q=75 https://v0.dev/chat/community/LOQ3SQCjcoi https://vercel.com/api/www/avatar/AAdlmjAbanp0CVpFEzkJEyDq?s=64 SnowConnect 59 Forks https://v0.dev/_next/image?url=https%3A%2F%2Fgvsmhepiuiax2e6y.public.blob.vercel-storage.com%2Ftemplates%2Fassets%2F1111111-JRexxcHsxUiCIXJs6oe1aLJtGLbBwQ.png&w=3840&q=75 https://v0.dev/chat/community/jeTUQHjUAaj https://vercel.com/api/www/avatar/FuMHsGTJbKfvFug1r00v5SwS?s=64 Problems Lister 58 Forks https://v0.dev/_next/image?url=https%3A%2F%2Fsjc.microlink.io%2FmJkUk2mmNjldLd-YEiE5tIJvRV_XVoD1lPZeLrxCyr4Y_evTCAPTIQVysIzSFh0a5rOUN0zmdE5NAnny7qcrMQ.jpeg&w=3840&q=75 https://v0.dev/chat/community/scsfaJZc8xk https://vercel.com/api/www/avatar/oI5EgtFLqfTm3WFAONXjZQbg?s=64 Random Shapes Grid 58 Forks https://v0.dev/_next/image?url=https%3A%2F%2Fgvsmhepiuiax2e6y.public.blob.vercel-storage.com%2Ftemplates%2Fassets%2Fsnow-back-KL4b8unLYzCG1y92v0MFmzNSGTrcqL.jpg&w=3840&q=75 https://v0.dev/chat/community/P3zKfFoshCq https://vercel.com/api/www/avatar/9gZ3ITi99JO6PLh5ZAxjkgJj?s=64 We're Snow Back 53 Forks https://v0.dev/_next/image?url=https%3A%2F%2Fgvsmhepiuiax2e6y.public.blob.vercel-storage.com%2Ftemplates%2Fassets%2FCleanShot%25202025-01-29%2520at%252016.07.18-4hzHmN6QwiansPKlRbkQthM3cEOVW9.png&w=3840&q=75 https://v0.dev/chat/community/nt3ZjSIbBQ1 https://vercel.com/api/www/avatar/QwdUqrr15yNkcj5icYA3Nn0h?s=64 Generative UI Chatbot 50 Forks https://v0.dev/_next/image?url=https%3A%2F%2Fgvsmhepiuiax2e6y.public.blob.vercel-storage.com%2Ftemplates%2Fassets%2Ffirst-person-lB9j3IyvF48IeFOZQhx0dhkCNvm1vb.jpg&w=3840&q=75 https://v0.dev/chat/community/90Cd8ykGmY6 https://vercel.com/api/www/avatar/9gZ3ITi99JO6PLh5ZAxjkgJj?s=64 First Person Starter 44 Forks https://v0.dev/_next/image?url=https%3A%2F%2Fsjc.microlink.io%2FCfLXT9avJ3nFyCHjl3je3mVgd18m8S0ABYjKd932rlwrFcTTQ0wr-q9wJ3YBpKMFrXWvyMhYALv2NPvSU_URWw.jpeg&w=3840&q=75 https://v0.dev/chat/community/4aAFwXGtBUU https://vercel.com/api/www/avatar/Yi76kcx8xQ7K5hhEpnjHcza0?s=64 Snake Game 44 Forks https://v0.dev/_next/image?url=https%3A%2F%2Fsjc.microlink.io%2Fdo0ltwYLquUuE9P-Z9eRmkn4PgwLvBnuXb5ZYxbzj2xnMvDUi9MgXw0a1Lgq3kvIZqifAIYrOIJ04eBN-5wQ_w.jpeg&w=3840&q=75 https://v0.dev/chat/community/gEe9w4KI4aH https://vercel.com/api/www/avatar/LfF2XyydMhO24DvSTxsBDSen?s=64 Ps2 Menu 43 Forks https://v0.dev/_next/image?url=https%3A%2F%2Fgvsmhepiuiax2e6y.public.blob.vercel-storage.com%2Ftemplates%2Fassets%2FCleanShot%25202025-01-15%2520at%252002.28.36%402x-CxIEYNxWIF0judPxZy9eVHkbgerJcS.png&w=3840&q=75 https://v0.dev/chat/community/NBfcFIKai4T https://vercel.com/api/www/avatar/QwdUqrr15yNkcj5icYA3Nn0h?s=64 File Tree Sidebar 43 Forks https://v0.dev/_next/image?url=https%3A%2F%2Fgvsmhepiuiax2e6y.public.blob.vercel-storage.com%2Ftemplates%2Fassets%2FScreenshot%25202025-01-31%2520190733-ZxRkj4umc5WwO2LwYiJ7XblMf92BLR.jpg&w=3840&q=75 https://v0.dev/chat/community/rcy5rJXu2GO https://vercel.com/api/www/avatar/sC6jsyG614d1zfI6A8apLaEQ?s=64 Tiptap Rich Text Editor 42 Forks https://v0.dev/_next/image?url=https%3A%2F%2Fsjc.microlink.io%2F_briCUbXmGtXKlmxafv3QKbfoE_NrwnxKEHol3cnYYn9pL9sTxgLY5wiLL_EegSNOI-EExeNi6j3tbGP4pfSuQ.jpeg&w=3840&q=75 https://v0.dev/chat/community/fGMCS5RJgA6 https://vercel.com/api/www/avatar/EHNrlbkVZKuP8TxtAXO26Vkf?s=64 Card Checkout 42 Forks https://v0.dev/_next/image?url=https%3A%2F%2Fsjc.microlink.io%2FPMsSdpV-KVQCwTP2pNk6JHjFhhJrnqlHH5KX64jne6Vi0QKfyfOb7D5N2eh-0MhsJvbFS-IW0E0f3w6XDHy0oQ.jpeg&w=3840&q=75 https://v0.dev/chat/community/ptw8oKP3Bcl https://vercel.com/api/www/avatar/esrLn2rOtUkxvnCPYuKqEV1i?s=64 Deposit Dashboard 41 Forks https://v0.dev/_next/image?url=https%3A%2F%2Fgvsmhepiuiax2e6y.public.blob.vercel-storage.com%2Ftemplates%2Fassets%2Fnextjs-forms-ifFyidFwBT2A0Q5K9mhCl6f1v9vylm.png&w=3840&q=75 https://v0.dev/chat/community/fpb5RFRWVpZ https://vercel.com/api/www/avatar/mXLS0Jh2eWmJ2thq3UHgoTVF?s=64 Next.js + Forms 39 Forks https://v0.dev/_next/image?url=https%3A%2F%2Fsjc.microlink.io%2FTUJhiKe3qXMnJJVueNLv-vBiFf3a_iOg0Soe_AzFG1rO517XczsGVu5-66CH6AEk2g_G8HtS3KI-MzQNKarqNA.jpeg&w=3840&q=75 https://v0.dev/chat/community/SC6i7OjVVQM https://vercel.com/api/www/avatar/EHNrlbkVZKuP8TxtAXO26Vkf?s=64 Background Circles 38 Forks https://v0.dev/_next/image?url=https%3A%2F%2Fgvsmhepiuiax2e6y.public.blob.vercel-storage.com%2Ftemplates%2Fassets%2FCleanShot%25202025-01-15%2520at%252002.31.05%402x-crZfNmFuqXwoO53qEoKvdJZRHd79kV.png&w=3840&q=75 https://v0.dev/chat/community/WzUz8z8OdKf https://vercel.com/api/www/avatar/QwdUqrr15yNkcj5icYA3Nn0h?s=64 Sidebar in Dialog 37 Forks https://v0.dev/_next/image?url=https%3A%2F%2Fgvsmhepiuiax2e6y.public.blob.vercel-storage.com%2Ftemplates%2Fassets%2FCleanShot%25202025-01-22%2520at%252022.33.59%402x-SfOuortDlw2iV1kg3MTlcTVfkAjb9a.png&w=3840&q=75 https://v0.dev/chat/community/1nmUw9HzeUl https://vercel.com/api/www/avatar/N4pqRzJmTt9D6jMKe4wzrbYg?s=64 Pixel Grid 34 Forks https://v0.dev/_next/image?url=https%3A%2F%2Fsjc.microlink.io%2F-DigBS4NpbQ05LZAZe26kguAkf3jJjp2AcAdqaUZyG8peEcqkIzPrkG1vJchanS6ztvYAmMJj_Mne39nIycRMA.jpeg&w=3840&q=75 https://v0.dev/chat/community/CzdslgpPWee https://vercel.com/api/www/avatar/9RhfCTXDB9qjQDYZqWorgRPt?s=64 Medik Center 32 Forks https://v0.dev/_next/image?url=https%3A%2F%2Fsjc.microlink.io%2FL-h1YtuEvVLnxfHIQ1Mr8sPXKp9Gs_lAESrAOC2FsKTu6yGD3sNf2PTM2PkwZG4q0rax0BnUV7LqtV1NXwtL0w.jpeg&w=3840&q=75 https://v0.dev/chat/community/8gVicW63Qno https://vercel.com/api/www/avatar/gAxJ2Cv7VBCzWGXfPaZhzuUW?s=64 Api Gateway Landing 31 Forks https://v0.dev/_next/image?url=https%3A%2F%2Fsjc.microlink.io%2FC88_jMrWqa_an91RSMiggAtf-FQthFvqjbbGf1ziWbfojXsVcWO6Rqq9PKhVVB61YlamPo77_6kEj7gtL-_TMg.jpeg&w=3840&q=75 https://v0.dev/chat/community/RqutwoVIaIp https://vercel.com/api/www/avatar/DOthz48hoauOiFuKTMJRM6je?s=64 Expanding Cards 30 Forks https://v0.dev/_next/image?url=https%3A%2F%2Fgvsmhepiuiax2e6y.public.blob.vercel-storage.com%2Ftemplates%2Fassets%2Fmarquee-jo1czj6e4hxrZ1JAS6h4sjGFJKBH0a.png&w=3840&q=75 https://v0.dev/chat/community/2DAhMH2yPfm https://vercel.com/api/www/avatar/9gZ3ITi99JO6PLh5ZAxjkgJj?s=64 Marquee 30 Forks https://v0.dev/_next/image?url=https%3A%2F%2Fgvsmhepiuiax2e6y.public.blob.vercel-storage.com%2Ftemplates%2Fassets%2FScreenshot%2520from%25202025-02-01%252006-40-18-dGZwINlLdRCS2rwxZbm8kGLJ5ZNfYN.png&w=3840&q=75 https://v0.dev/chat/community/ktf7pXgMlQP https://vercel.com/api/www/avatar/AUaVJ5jQ6GpS0GbeNDQQbteL?s=64 NextJS doc like file tree 28 Forks https://v0.dev/_next/image?url=https%3A%2F%2Fsjc.microlink.io%2FycRVzr4GVfymknYpWDu1rNFZxcJkgPmnYAdJdnscqD8h2OP4zQiRU53PpsE8Fve9IjZQHX8TfkeM6yMuzcfi6g.jpeg&w=3840&q=75 https://v0.dev/chat/community/NYAt392oyJb https://vercel.com/api/www/avatar/kONxiTQ6nVDSYKZ3RCulxxpN?s=64 Retro Studio 28 Forks https://v0.dev/_next/image?url=https%3A%2F%2Fsjc.microlink.io%2F0iR6OR2gbRZ-ehg4lJIsysc0NxOR_ezhpn-Sw8Y3qwMI-eJWlnIBiE155u36jyGAdXwHNOnxD3skTz241HIhPA.jpeg&w=3840&q=75 https://v0.dev/chat/community/pAqpV1P3aMY https://vercel.com/api/www/avatar/MZldcWbsYSFDOJRi9031P3p9?s=64 Save Button 28 Forks https://v0.dev/_next/image?url=https%3A%2F%2Fsjc.microlink.io%2FpqjwuG9cPQ-cvQSLtKDkEdTfjA4o5erqG7RoUOXvK6a9VY39urgD71VC1nCjWu46YScDrVT1JXT8K3GK8Tfr8A.jpeg&w=3840&q=75 https://v0.dev/chat/community/gmZs6iJXi58 https://vercel.com/api/www/avatar/eVyFVAQwdopWMb8JJh2rAZTZ?s=64 Personal Website 27 Forks https://v0.dev/_next/image?url=https%3A%2F%2Fsjc.microlink.io%2FTubeRHNP-0giVtqKVQiPmvYSmu8yMMyjO7aoxFE7ST3l8ypkDGCzjIahvPcGpRQmKBTN4ZjAHXT2j5RbTP7EWw.jpeg&w=3840&q=75 https://v0.dev/chat/community/LBcIdD46HcZ https://vercel.com/api/www/avatar/NRTYINIGWbHrfOvJ3wfYYzzi?s=64 Personal Dev Blog 24 Forks https://v0.dev/_next/image?url=https%3A%2F%2Fsjc.microlink.io%2F-DI3P5Im-GNXm2Bf8kf7lQjIH3XY_85S-HVAP3UDDsk5-5tiBuKDypgGQnfgxLnKCGTatArPbb2dWnEp9FOX_g.jpeg&w=3840&q=75 https://v0.dev/chat/community/7qe38CPiZJ1 https://vercel.com/api/www/avatar/GOYQpjWOFUVk1N08QDKpJBWM?s=64 InteractiveBackground 22 Forks https://v0.dev/_next/image?url=https%3A%2F%2Fgvsmhepiuiax2e6y.public.blob.vercel-storage.com%2Ftemplates%2Fassets%2FScreenshot%25202025-01-31%2520at%252010.45.05%25E2%2580%25AFAM-djEZAo5VF0OdbQXc4xn8nXnagw1BVL.png&w=3840&q=75 https://v0.dev/chat/community/lxW8NXIWT70 https://vercel.com/api/www/avatar/AqksTTmOBENW3xzoy5zMgvWI?s=64 Popup Tool Selector 24 Forks https://v0.dev/_next/image?url=https%3A%2F%2Fgvsmhepiuiax2e6y.public.blob.vercel-storage.com%2Ftemplates%2Fassets%2Ftasks-E7xFWqXO71e4WyhMzuKgpmBjHyrnBI.jpg&w=3840&q=75 https://v0.dev/chat/community/x1Y8okrbkTn https://vercel.com/api/www/avatar/AqksTTmOBENW3xzoy5zMgvWI?s=64 Tasks: Framer Motion 23 Forks https://v0.dev/_next/image?url=https%3A%2F%2Fsjc.microlink.io%2FEt2JEvGRvnt5lHIcQxcaPsbrOugj1CfEsUWqbrddP8RUlVThbgYxaxVOwyBFR2zDN6XImIs2efePLNdO415mcA.jpeg&w=3840&q=75 https://v0.dev/chat/community/UYb6Z6YlDGd https://vercel.com/api/www/avatar/TDlQ3vqdUe6fRgYyGmz47vFz?s=64 Sparkcard Landing 23 Forks https://v0.dev/_next/image?url=https%3A%2F%2Fsjc.microlink.io%2F0yAGxhpJbWc0fZLCazRIvFtbYsQxP-ywPlxEV9FEZKgi46EuSZtEUm5D6pfoJzAEwWOoPo8YVn8y4V-YDtSH-A.jpeg&w=3840&q=75 https://v0.dev/chat/community/2bo1P6Xaoqg https://vercel.com/api/www/avatar/gpKTKqRfltoetUz460WOnDTe?s=64 Restaurant POS 22 Forks https://v0.dev/_next/image?url=https%3A%2F%2Fgvsmhepiuiax2e6y.public.blob.vercel-storage.com%2Ftemplates%2Fassets%2FScreenshot%2520from%25202025-02-01%252006-53-31-gZD5ZOdwMZYsi8IuhBu2BK5mF7MfJa.png&w=3840&q=75 https://v0.dev/chat/community/svcCLHArfbC https://vercel.com/api/www/avatar/AUaVJ5jQ6GpS0GbeNDQQbteL?s=64 A nice expandable menu 22 Forks https://v0.dev/_next/image?url=https%3A%2F%2Fsjc.microlink.io%2F7XZTCcoSNvRxBVlrLLMquCG1x8T4CWfYKSa_0-3exHozVEtgl0WOYABqec0Xj6T7_RLRrYHOu3-FbODWYqFomg.jpeg&w=3840&q=75 https://v0.dev/chat/community/LmlxIRFz6sP https://vercel.com/api/www/avatar/I7b0EepizP6edpTTAy7Dl1f1?s=64 Infotech Clinic Landing 22 Forks https://v0.dev/_next/image?url=https%3A%2F%2Fgvsmhepiuiax2e6y.public.blob.vercel-storage.com%2Ftemplates%2Fassets%2Fminimal-slides-KEPRDIcDrwwUyn4BYhBdDEfUtXJKAL.png&w=3840&q=75 https://v0.dev/chat/community/76JkXOe7hma https://vercel.com/api/www/avatar/4Bm0JibY6MtFLDyJLvieVugR?s=64 Minimal Slides 21 Forks https://v0.dev/_next/image?url=https%3A%2F%2Fgvsmhepiuiax2e6y.public.blob.vercel-storage.com%2Ftemplates%2Fassets%2FCleanShot%25202025-01-25%2520at%252009.38.58%402x-ZWljzIZLSOzCzNB9A8tbzODh5UEcBM.png&w=3840&q=75 https://v0.dev/chat/community/XqVEnyexEnW https://vercel.com/api/www/avatar/Xt8wqxzkatVdL270RPPaEkHw?s=64 Smooth hover 21 Forks https://v0.dev/_next/image?url=https%3A%2F%2Fgvsmhepiuiax2e6y.public.blob.vercel-storage.com%2Ftemplates%2Fassets%2FCleanShot%25202025-01-22%2520at%252011.23.09-DEndz3H4s0bR5wMq5GMry5wq9g1nNS.png&w=3840&q=75 https://v0.dev/chat/community/BtbvdBJqRve https://vercel.com/api/www/avatar/QwdUqrr15yNkcj5icYA3Nn0h?s=64 Team Member Invites 21 Forks https://v0.dev/_next/image?url=https%3A%2F%2Fsjc.microlink.io%2FfosVqmivr-2v8jnu8FlUMNrw4859dfCWB9C8croNdRgQpxm-PxUm6eJuV_BMFggLUxpWvY41rjdvz8gzf3MN6A.jpeg&w=3840&q=75 https://v0.dev/chat/community/GZjSQWjOW0y https://vercel.com/api/www/avatar/EHNrlbkVZKuP8TxtAXO26Vkf?s=64 Card Profile Edition 20 Forks https://v0.dev/_next/image?url=https%3A%2F%2Fgvsmhepiuiax2e6y.public.blob.vercel-storage.com%2Ftemplates%2Fassets%2FCleanShot%25202025-01-25%2520at%252009.52.09%402x-nXVVcNPR3JlD7GF24Lu7PPCh9MXRpt.png&w=3840&q=75 https://v0.dev/chat/community/pYVLlced3as https://vercel.com/api/www/avatar/Xt8wqxzkatVdL270RPPaEkHw?s=64 Oklch Color Picker 20 Forks https://v0.dev/_next/image?url=https%3A%2F%2Fsjc.microlink.io%2FKjN74XZDeXiivEw0zKWZluASFGgliARFy8uQ1dMDeSs6gpzazS6HNOFuMmz3RbSUEAXaCA0Zv_fhbWs0lSe6Gg.jpeg&w=3840&q=75 https://v0.dev/chat/community/D285cfskkNz https://vercel.com/api/www/avatar/MZldcWbsYSFDOJRi9031P3p9?s=64 Scroll and hover animation 19 Forks https://v0.dev/_next/image?url=https%3A%2F%2Fsjc.microlink.io%2F2Qx6271jxvuGQV6GtF7safRGcXdc9DwOx6xewEw35HC8gQbsfA4m-NyiJW4Hk0YToHp69ZG13K88YZngfDrgyw.jpeg&w=3840&q=75 https://v0.dev/chat/community/921FeYZvkQL https://vercel.com/api/www/avatar/MZldcWbsYSFDOJRi9031P3p9?s=64 Charging Widget 19 Forks https://v0.dev/_next/image?url=https%3A%2F%2Fsjc.microlink.io%2FPD33Yhg44rkdEhpJevF74Vx0ASpaMqTFYqoFdMfvG8Z3e_dXRIc97qkR7jCXwXGzL5kZ_lCM9wWosDeXgySOIA.jpeg&w=3840&q=75 https://v0.dev/chat/community/P4kAULBvLgy https://vercel.com/api/www/avatar/6ASHEvN3BXQuOubvrSuMJspC?s=64 Ai Chat Release Slides 18 Forks https://v0.dev/_next/image?url=https%3A%2F%2Fgvsmhepiuiax2e6y.public.blob.vercel-storage.com%2Ftemplates%2Fassets%2FScreenshot%25202025-01-31%2520at%252011.19.41%25E2%2580%25AFPM-NSJfGoA1gkuFjMYLtY5LMCrg6ZUIkA.png&w=3840&q=75 https://v0.dev/chat/community/GFJUBTTW8Dt https://vercel.com/api/www/avatar/Y2feTahh684kuKBVrLGy7l0E?s=64 Linear canvas ball animation 18 Forks https://v0.dev/_next/image?url=https%3A%2F%2Fsjc.microlink.io%2Fd76YFv8NP1HFwdlFz2Bb3_YNWD6QmAt2cjEuuFZ-HDZYAscL0x0arGOKaeK57nrVsB4OONQb_Wjoxz2GJyNhZA.jpeg&w=3840&q=75 https://v0.dev/chat/community/GRPB04X6eD5 https://vercel.com/api/www/avatar/GOYQpjWOFUVk1N08QDKpJBWM?s=64 CustomTodoList 18 Forks https://v0.dev/_next/image?url=https%3A%2F%2Fsjc.microlink.io%2F6RU8RLXdLQzJb6J_AecYdoVI_mi4Rhc24bt5Yy9kCfG_vTOIPWqzgZnF2P_5Q5KXUQ2gntzg6_kXoL_XKgCBGA.jpeg&w=3840&q=75 https://v0.dev/chat/community/LUGtVpXRV6o https://vercel.com/api/www/avatar/GOYQpjWOFUVk1N08QDKpJBWM?s=64 RandomColorGenerator 18 Forks https://v0.dev/_next/image?url=https%3A%2F%2Fsjc.microlink.io%2Fn70PvkhdHXkP1j8IFKzASxWDLpUglj6-t_9kc3QOeYQECCbreDjQGW5TYMUvnGKZ_prhZTNdztLhmHzUjHnGQA.jpeg&w=3840&q=75 https://v0.dev/chat/community/5YxG6a9Uv8g https://vercel.com/api/www/avatar/EHNrlbkVZKuP8TxtAXO26Vkf?s=64 Button Magnet 17 Forks https://v0.dev/_next/image?url=https%3A%2F%2Fgvsmhepiuiax2e6y.public.blob.vercel-storage.com%2Ftemplates%2Fassets%2FCleanShot%25202025-01-15%2520at%252002.38.27%402x-pOOYlFtXCkJOxAq4lJM3GF1K6lXo47.png&w=3840&q=75 https://v0.dev/chat/community/fGf1eA8Oxin https://vercel.com/api/www/avatar/QwdUqrr15yNkcj5icYA3Nn0h?s=64 Radar Chart 17 Forks https://v0.dev/_next/image?url=https%3A%2F%2Fgvsmhepiuiax2e6y.public.blob.vercel-storage.com%2Ftemplates%2Fassets%2FScreenshot%25202025-01-31%2520at%252010.47.45%25E2%2580%25AFAM-O1n1Smf7qnERXFqjTuwekPfsVlkxSd.png&w=3840&q=75 https://v0.dev/chat/community/vL3znxNN66s https://vercel.com/api/www/avatar/AqksTTmOBENW3xzoy5zMgvWI?s=64 Star Rating 16 Forks https://v0.dev/_next/image?url=https%3A%2F%2Fsjc.microlink.io%2FVoKxMecFcA87624o7BZOenEnu64ziguRA2rMxEeo_OU2Ygzf6iK-W--7REYC1rehE1xz2UaDJvwND0iWaepTcw.jpeg&w=3840&q=75 https://v0.dev/chat/community/tMSYqKF4onw https://vercel.com/api/www/avatar/MZldcWbsYSFDOJRi9031P3p9?s=64 Status Badges 16 Forks https://v0.dev/_next/image?url=https%3A%2F%2Fgvsmhepiuiax2e6y.public.blob.vercel-storage.com%2Ftemplates%2Fassets%2FCleanShot%25202025-01-22%2520at%252011.16.40-AFro3yZREdB4GT0KtHq4w9TWP7fIyk.png&w=3840&q=75 https://v0.dev/chat/community/TBN1PZwCT5h https://vercel.com/api/www/avatar/QwdUqrr15yNkcj5icYA3Nn0h?s=64 Toggle Settings 16 Forks https://v0.dev/_next/image?url=https%3A%2F%2Fsjc.microlink.io%2F2IZgNjwU6LbBHaVNSPhoE3bq9ZgB6SOMuZrmp_TCvaki2rHQz_iK8MEwV0VuGu5PLoyWNKryT8hMBg1_JvKl4w.jpeg&w=3840&q=75 https://v0.dev/chat/community/alpZV9RXKFC https://vercel.com/api/www/avatar/GJYwYcoO94pjoVyTD0aDfjDr?s=64 Wishlist Toast Demo 12 Forks https://v0.dev/_next/image?url=https%3A%2F%2Fsjc.microlink.io%2FyLLCawkwQqgubSlCS8vNSSjJ47HVA7zHPCuRkE7bMmh4axT6BTVpvMW1extX9mLkizB6R2ylsZDtIjpxcTzhAg.jpeg&w=3840&q=75 https://v0.dev/chat/community/v1tIli3svjV https://vercel.com/api/www/avatar/jf9plh3K3vBakKsZ8Sol5gmu?s=64 DynamicFrameLayout 11 Forks https://v0.dev/_next/image?url=https%3A%2F%2Fsjc.microlink.io%2FLruaqWaMCBeW79TdM0VGEE_0VqFbcXKjRYIw8TKfVRJLF5p-5B04t2ci_WS_uJQ8Ltlr9XwhUrShCTn-nARIdQ.jpeg&w=3840&q=75 https://v0.dev/chat/community/3XXPLmhIP0g https://vercel.com/api/www/avatar/Q2F0QnW8NaGka8k85UO1jN8X?s=64 Surface Discharge Chart 11 Forks https://v0.dev/_next/image?url=https%3A%2F%2Fgvsmhepiuiax2e6y.public.blob.vercel-storage.com%2Ftemplates%2Fassets%2Fcommunity%2520crowdfunding-nWsmscB9m4z9y3so4rvlTVZXNi5T4N.png&w=3840&q=75 https://v0.dev/chat/community/F6ZBAK2nSda https://vercel.com/api/www/avatar/gUk9UyG132cAqGbDSxrStxIK?s=64 Community Crowdfunding 3 Forks https://v0.dev/_next/image?url=https%3A%2F%2Fsjc.microlink.io%2F41sluYcuhdfVidBu-2v_M5AQmEDYin3XlWneBxqICYl8XrWvWYIJkOah9VRAryIp6pSSh4esfjqOxIp927bAOg.jpeg&w=3840&q=75 https://v0.dev/chat/community/DU8MXIuQMwW https://vercel.com/api/www/avatar/ZBe021KBElgyQzjcs8jprOs7?s=64 Instagram Feed Preview 3 Forks https://v0.dev/_next/image?url=https%3A%2F%2Fsjc.microlink.io%2F0TzuXK0BcLpDQmjYovvs_ovqpbGX8bQ1x7yLn2cGAdolLeJUEJkDY--PrHQYBF0KcBgrJYYOp7p1tbadGohvJQ.jpeg&w=3840&q=75 https://v0.dev/chat/community/skiqUvOaBL0 https://vercel.com/api/www/avatar/oI5EgtFLqfTm3WFAONXjZQbg?s=64 Per Finne Design 3 Forks object-cover src absolute href h-full src line-clamp-1 text-[13px] https://v0.dev/_next/image?url=https%3A%2F%2Fgvsmhepiuiax2e6y.public.blob.vercel-storage.com%2Ftemplates%2Fassets%2FSlide%252016_9%2520-%25201-WzdrMY7lGOgFWvvhbWF6AU83IVETxE.png&w=3840&q=75 https://v0.dev/chat/community/JfGEPnqVAVL https://vercel.com/api/www/avatar/naQHS70NMqKvliGQgcp5sttv?s=64 Crypto Dashboard 3.8K Forks https://v0.dev/_next/image?url=https%3A%2F%2Fsjc.microlink.io%2F3FkklFlH_eosN5L20fuXw-hiyqzr7eSUfbdEvGKaf8FMiwlMN6KcaAqJOQnwTRsTnHZN5SKg5UAOfMsTTgwZDw.jpeg&w=3840&q=75 https://v0.dev/chat/community/XQZnLeSfhAr https://vercel.com/api/www/avatar/H0wG9StD2WHT2rEKyPNglG1Q?s=64 Streamline Landing Page 1.6K Forks https://v0.dev/_next/image?url=https%3A%2F%2Fgvsmhepiuiax2e6y.public.blob.vercel-storage.com%2Ftemplates%2Fassets%2FScreenshot%25202025-01-31%2520at%25209.16.51%25E2%2580%25AFPM-fT5azSDEb542Hz6XyGBHR813UQ5WvO.png&w=3840&q=75 https://v0.dev/chat/community/s2R42ut7CxT https://vercel.com/api/www/avatar/EHNrlbkVZKuP8TxtAXO26Vkf?s=64 Background Paths 1.4K Forks https://v0.dev/_next/image?url=https%3A%2F%2Fgvsmhepiuiax2e6y.public.blob.vercel-storage.com%2Ftemplates%2Fassets%2FScreenshot%25202025-01-30%2520at%252012.40.56%25E2%2580%25AFPM-20uFCxH5BGySJ2KQyowewLSFll8Ic7.png&w=3840&q=75 https://v0.dev/chat/community/xWe4c7kWKPe https://vercel.com/api/www/avatar/EHNrlbkVZKuP8TxtAXO26Vkf?s=64 Hero Geometric Background 1.2K Forks https://v0.dev/_next/image?url=https%3A%2F%2Fsjc.microlink.io%2FNS3sRvu2cC8MtWuTx8EptiG_cCZVuUn_wZ9mug-1uiW_OszdZHynZkbPxIk1JNens-fuEujXDKxqD7aSofZEug.jpeg&w=3840&q=75 https://v0.dev/chat/community/jMrQMjsX8FT https://vercel.com/api/www/avatar/QwdUqrr15yNkcj5icYA3Nn0h?s=64 3D Landing Page 927 Forks https://v0.dev/_next/image?url=https%3A%2F%2Fsjc.microlink.io%2FY-eETO1yk-063EiBNToL2oeLvqKBJdNLp4GLiowmQ7tcYnAgbPVrFuVVvj4Q8m41l4FIZV-aSDnGtIBXW97Lvw.jpeg&w=3840&q=75 https://v0.dev/chat/community/tTtFFRzz9j6 https://vercel.com/api/www/avatar/OAqBNap8TMl2Rx3fYxzvRZXw?s=64 Portfolio 830 Forks https://v0.dev/_next/image?url=https%3A%2F%2Fgvsmhepiuiax2e6y.public.blob.vercel-storage.com%2Ftemplates%2Fassets%2Fthird-person-Tsrbqq1BUNVa9EbDKJwsenuRnbdLp0.jpg&w=3840&q=75 https://v0.dev/chat/community/FU9hG5OnPu0 https://vercel.com/api/www/avatar/9gZ3ITi99JO6PLh5ZAxjkgJj?s=64 Third Person Starter 775 Forks https://v0.dev/_next/image?url=https%3A%2F%2Fsjc.microlink.io%2Fh-SwEagZlp8rOlyafSKGFiXZTyl2mb1vk-pYu25R_9Z7anQHShuMddHPDYUbtAa_VI-rGRyPDJAqA7Hx1_ZKrA.jpeg&w=3840&q=75 https://v0.dev/chat/community/Ck9Z0YDnIQm https://vercel.com/api/www/avatar/Q1triOk0dEHFyjMV9MFO9Stf?s=64 Vizify 760 Forks https://v0.dev/_next/image?url=https%3A%2F%2Fgvsmhepiuiax2e6y.public.blob.vercel-storage.com%2Ftemplates%2Fassets%2FScreenshot%2520from%25202025-01-31%252012-06-49-iBM61L2Gu0B56PAShPIkbTQCeyEeBa.png&w=3840&q=75 https://v0.dev/chat/community/7HOUCTcoR5n https://vercel.com/api/www/avatar/7kNkmZZaLvLeCaF81pwK4WTo?s=64 Integrations Page 475 Forks https://v0.dev/_next/image?url=https%3A%2F%2Fgvsmhepiuiax2e6y.public.blob.vercel-storage.com%2Ftemplates%2Fassets%2Fprompting-IPPMg5JTxDpd6uS7pV6d74cUiNTqX8.jpg&w=3840&q=75 https://v0.dev/chat/community/tokU2y8gQ4D https://vercel.com/api/www/avatar/9gZ3ITi99JO6PLh5ZAxjkgJj?s=64 Prompting Is All You Need 450 Forks https://v0.dev/_next/image?url=https%3A%2F%2Fsjc.microlink.io%2F0rk_2M8bW5OUQVrR7_Zm75HVwAXoMTv-vB6ZtJ82uaM0zC8z9AOFDpx9GsLE7gLst-bxzN9V3yQJOlH6owcJSQ.jpeg&w=3840&q=75 https://v0.dev/chat/community/Zmu5X53aiKI https://vercel.com/api/www/avatar/Yxb4r383BC4GxM7eIaqqBnSK?s=64 Infinite Creator 442 Forks https://v0.dev/_next/image?url=https%3A%2F%2Fgvsmhepiuiax2e6y.public.blob.vercel-storage.com%2Ftemplates%2Fassets%2FCleanShot%25202025-01-25%2520at%252009.56.02%402x-KshdcHdsSucgoPuCTOLAqlGEmXGQdP.png&w=3840&q=75 https://v0.dev/chat/community/FzjrLMu1GZ1 https://vercel.com/api/www/avatar/Xt8wqxzkatVdL270RPPaEkHw?s=64 Cuisine Selector Chips 425 Forks https://v0.dev/_next/image?url=https%3A%2F%2Fsjc.microlink.io%2Fqlm6bdpESRoHXolvITCsyjrjY4LuW7WHG1n4dY1XPHmxBCmbXRV3a_baSxdsJa35OmvAM7yFKooM65i-zud2mA.jpeg&w=3840&q=75 https://v0.dev/chat/community/6VLiqkGu5vw https://vercel.com/api/www/avatar/6clor4LbAMgxeE38N1qJQR9U?s=64 Ai Chat Interface 371 Forks https://v0.dev/_next/image?url=https%3A%2F%2Fgvsmhepiuiax2e6y.public.blob.vercel-storage.com%2Ftemplates%2Fassets%2FScreenshot%25202025-01-30%2520at%252012.35.20%25E2%2580%25AFPM-u8OaxB0Td9WxtGpHNLXmLzha5quvjH.png&w=3840&q=75 https://v0.dev/chat/community/S3nMPSmpQzk https://vercel.com/api/www/avatar/EHNrlbkVZKuP8TxtAXO26Vkf?s=64 Action Search Bar 343 Forks https://v0.dev/_next/image?url=https%3A%2F%2Fsjc.microlink.io%2FQOj1XVeB-WXdb144c9uhT7rAfFCMcG7yxGpIo2qGetxOwPmco8pZE4Q1Uk3L866K8dLI5aS5VfglWS5FgQan2Q.jpeg&w=3840&q=75 https://v0.dev/chat/community/WWwQOiEsu0A https://vercel.com/api/www/avatar/4hijW9M4m4LQ29wcsgEEh93j?s=64 Crop Studio Landing 341 Forks https://v0.dev/_next/image?url=https%3A%2F%2Fgvsmhepiuiax2e6y.public.blob.vercel-storage.com%2Ftemplates%2Fassets%2FCleanShot%25202025-01-15%2520at%252002.26.49%402x-BLWg2qKbkuAA1isZDJM8A0psAx6zaj.png&w=3840&q=75 https://v0.dev/chat/community/ybLyeN1sesS https://vercel.com/api/www/avatar/QwdUqrr15yNkcj5icYA3Nn0h?s=64 Sidebar Layout 338 Forks https://v0.dev/_next/image?url=https%3A%2F%2Fgvsmhepiuiax2e6y.public.blob.vercel-storage.com%2Ftemplates%2Fassets%2FScreenshot%25202025-01-25%2520at%25209.31.17%25E2%2580%25AFAM-OJgMsouMljRUEpck00m3z8LLmkTq7O.png&w=3840&q=75 https://v0.dev/chat/community/BT27p0aGPsa https://vercel.com/api/www/avatar/Xt8wqxzkatVdL270RPPaEkHw?s=64 Vercel Tabs 308 Forks https://v0.dev/_next/image?url=https%3A%2F%2Fsjc.microlink.io%2FydK3qJ2K0NJK_CVbZwobvL_4yGN_0_8Xzzg2mS6LwEMdrjOhkUlieArm0gNnCQv2DECNp4-r5nSntY4GCx-EhQ.jpeg&w=3840&q=75 https://v0.dev/chat/community/qLnKzYiN4yI https://vercel.com/api/www/avatar/9gZ3ITi99JO6PLh5ZAxjkgJj?s=64 Next.js Conf 2024 282 Forks https://v0.dev/_next/image?url=https%3A%2F%2Fsjc.microlink.io%2Fe3cp0ugjQNHGr1rhech95V2D8Yq2JTP9BF4WGRW2ni_6cEBlsHcjl9FVqzcreBBHbYFrAM9Q3rty9I7_hHBkjA.jpeg&w=3840&q=75 https://v0.dev/chat/community/hN0nNvAchzi https://vercel.com/api/www/avatar/i1Cj18lNUffzIoEc4CJ90QFp?s=64 File Manager 249 Forks https://v0.dev/_next/image?url=https%3A%2F%2Fsjc.microlink.io%2FljWkAO2BF-06fYuu7HfDJtSpNisOghfM1WOSulwmgpoqmNWYgKofW1qmwHiHgV_P7wo7S0vKFWeyddVK_LVzpw.jpeg&w=3840&q=75 https://v0.dev/chat/community/UIe46hc3274 https://vercel.com/api/www/avatar/INCNoVo7vQ4kl5ZccnavRkN0?s=64 Artist Portfolio 245 Forks https://v0.dev/_next/image?url=https%3A%2F%2Fsjc.microlink.io%2F9ZW9BaoIp6sROU_rl9zDCLgfhDPKLAJ5E5mX5aF0xdPaqWSjDxzmv1SRNcttv47OqgvZurBf5mIjri7LiPAw7w.jpeg&w=3840&q=75 https://v0.dev/chat/community/Tpxvlz16QiJ https://vercel.com/api/www/avatar/EHNrlbkVZKuP8TxtAXO26Vkf?s=64 Ai Card Generation 234 Forks https://v0.dev/_next/image?url=https%3A%2F%2Fgvsmhepiuiax2e6y.public.blob.vercel-storage.com%2Ftemplates%2Fassets%2FCleanShot%25202025-01-22%2520at%252022.36.22%402x-aLkk5DC1MPTG9xjQYhcfoaiFuGBcSY.png&w=3840&q=75 https://v0.dev/chat/community/T58xe0hGtYx https://vercel.com/api/www/avatar/N4pqRzJmTt9D6jMKe4wzrbYg?s=64 Microsoft Paint 225 Forks https://v0.dev/_next/image?url=https%3A%2F%2Fgvsmhepiuiax2e6y.public.blob.vercel-storage.com%2Ftemplates%2Fassets%2Fzombie-nJ5kfUivmRSu0HA9l384M2PVbQuAQa.jpg&w=3840&q=75 https://v0.dev/chat/community/7hUfO3Wdzsa https://vercel.com/api/www/avatar/9gZ3ITi99JO6PLh5ZAxjkgJj?s=64 Type-Z 222 Forks https://v0.dev/_next/image?url=https%3A%2F%2Fgvsmhepiuiax2e6y.public.blob.vercel-storage.com%2Ftemplates%2Fassets%2FScreenshot%25202025-01-30%2520at%252012.39.34%25E2%2580%25AFPM-0omwgoiND8YqowZxq6NHAzpYrAx6MF.png&w=3840&q=75 https://v0.dev/chat/community/n73Gg2FnJDF https://vercel.com/api/www/avatar/EHNrlbkVZKuP8TxtAXO26Vkf?s=64 Currency Transfer Animation 221 Forks https://v0.dev/_next/image?url=https%3A%2F%2Fgvsmhepiuiax2e6y.public.blob.vercel-storage.com%2Ftemplates%2Fassets%2Fmemorymatch-DBcYgrAbPGV8UlMGTdNi3F9JcdFwF3.jpg&w=3840&q=75 https://v0.dev/chat/community/Tmi0y0iPzxv https://vercel.com/api/www/avatar/AqksTTmOBENW3xzoy5zMgvWI?s=64 Kids Memory Game 208 Forks https://v0.dev/_next/image?url=https%3A%2F%2Fsjc.microlink.io%2FLcs8g2rJ5fveYMVAUupfe2clkRONuV3tNRqcQpCGQ_1lAwgfZjXF428Xh5tbzxxMyRD5ZTB0u0UNJXyvNYpQ4A.jpeg&w=3840&q=75 https://v0.dev/chat/community/mMBXHA2AgoH https://vercel.com/api/www/avatar/6QzWWBPGYXJxhOdhbOihZ39y?s=64 Nua 195 Forks https://v0.dev/_next/image?url=https%3A%2F%2Fgvsmhepiuiax2e6y.public.blob.vercel-storage.com%2Ftemplates%2Fassets%2FCleanShot%25202025-01-22%2520at%252011.12.04-qJWOiKQJFRWI2XADld9JPeh3my3Zo7.png&w=3840&q=75 https://v0.dev/chat/community/FcTLpL2JvgL https://vercel.com/api/www/avatar/QwdUqrr15yNkcj5icYA3Nn0h?s=64 Two-column Login Card 195 Forks https://v0.dev/_next/image?url=https%3A%2F%2Fsjc.microlink.io%2FP4U-eQGi12-MdyXYM1vyZi1vss11ypd9RJgKhp92uq5GngKFq61KxVZgMPohkU-YzY6ruDQ_nkpYsG9MfE4jxw.jpeg&w=3840&q=75 https://v0.dev/chat/community/ZYkykCuTPjr https://vercel.com/api/www/avatar/QebSPGkz26slGiX1HvfRmuYu?s=64 Virtual Try On 185 Forks https://v0.dev/_next/image?url=https%3A%2F%2Fsjc.microlink.io%2FFE0j16lAdW_Z8MXmjdTaVzu1Rr6GjAkOui5VIuGEk2Db0PBfWWoLUkE0CDerFp3ZI4xX95j_r7WY_ePZSqcaow.jpeg&w=3840&q=75 https://v0.dev/chat/community/s6KKjnsSFAw https://vercel.com/api/www/avatar/tXxyOQ1Xr79tbTMqIYpoc35J?s=64 Vertical Nav Sections 181 Forks https://v0.dev/_next/image?url=https%3A%2F%2Fgvsmhepiuiax2e6y.public.blob.vercel-storage.com%2Ftemplates%2Fassets%2Fopenai-AWBIaP6GsIlLg2g0rL3ih4J8iDtMXE.png&w=3840&q=75 https://v0.dev/chat/community/XFP4VKnRE3t https://vercel.com/api/www/avatar/mXLS0Jh2eWmJ2thq3UHgoTVF?s=64 OpenAI and AI SDK Chatbot 175 Forks https://v0.dev/_next/image?url=https%3A%2F%2Fgvsmhepiuiax2e6y.public.blob.vercel-storage.com%2Ftemplates%2Fassets%2Fnextjs-shadcn-zQ914Gzk9QxOWESdPXh9b3oWfSwdfH.png&w=3840&q=75 https://v0.dev/chat/community/ujvXoiAFlxG https://vercel.com/api/www/avatar/mXLS0Jh2eWmJ2thq3UHgoTVF?s=64 Next.js + shadcn/ui 172 Forks https://v0.dev/_next/image?url=https%3A%2F%2Fsjc.microlink.io%2FITEON5NqLN-PPs0iXkmWwTQ7lguni2tZvPOVby2s-PSrtbCZ1onwGFcdedBBq2j6wa_AK7ZNRyJZuq6Ma5dJlQ.jpeg&w=3840&q=75 https://v0.dev/chat/community/dXeUoYk1mMB https://vercel.com/api/www/avatar/zZib9giN42xDBzRDFq6AhfAG?s=64 Portfolio 160 Forks https://v0.dev/_next/image?url=https%3A%2F%2Fsjc.microlink.io%2FXScaXGGssQQbhzcKVCcD1SRlCAiGVrtzTUMNv2gHp4la1GFmNZ0i6Zcn2X2T0dIKPZAa-x1y8Y5Ikjryf7uvWA.jpeg&w=3840&q=75 https://v0.dev/chat/community/ELMX6m7UodU https://vercel.com/api/www/avatar/XQAGOSr9XnvVj2MuD1ryUZRY?s=64 Hoodie Store 159 Forks https://v0.dev/_next/image?url=https%3A%2F%2Fsjc.microlink.io%2FPXpRc810q7VFq1wR_dsm0oVEFBUPQ4C-XXhbTVUJrPGXLr7LsvhMYiml-Shji66rDOXrI8GlSxQ_jz-WU8eW4Q.jpeg&w=3840&q=75 https://v0.dev/chat/community/POhSzyWXBt3 https://vercel.com/api/www/avatar/1gWB6FegGW2ve62VAXfufrjH?s=64 Mydevtools Landing 149 Forks https://v0.dev/_next/image?url=https%3A%2F%2Fgvsmhepiuiax2e6y.public.blob.vercel-storage.com%2Ftemplates%2Fassets%2Fnextjs-charts-wlDJeBPJgoBquTy02S8GkDEtH9pKA8.png&w=3840&q=75 https://v0.dev/chat/community/MislIISzd67 https://vercel.com/api/www/avatar/mXLS0Jh2eWmJ2thq3UHgoTVF?s=64 Next.js + Charts 147 Forks https://v0.dev/_next/image?url=https%3A%2F%2Fsjc.microlink.io%2F0vT22fQYADlqWZNRU0kLIhbCt-nzGM2Dw8vsUWKbWoHjc8ZBTlvdffhsyw2P_zA49Z_q4e0O072zfqy1cXXMtA.jpeg&w=3840&q=75 https://v0.dev/chat/community/uhV0pHveOdw https://vercel.com/api/www/avatar/e1ogkC0CrQv6ukVhhvgDxQ9r?s=64 Payment Modal 139 Forks https://v0.dev/_next/image?url=https%3A%2F%2Fgvsmhepiuiax2e6y.public.blob.vercel-storage.com%2Ftemplates%2Fassets%2Fhalftone-waves-cJFz7aKXjUAXuBkxRnEEps3lF1YZ6N.jpg&w=3840&q=75 https://v0.dev/chat/community/ogQtvusSUD6 https://vercel.com/api/www/avatar/9gZ3ITi99JO6PLh5ZAxjkgJj?s=64 Halftone Waves 135 Forks https://v0.dev/_next/image?url=https%3A%2F%2Fgvsmhepiuiax2e6y.public.blob.vercel-storage.com%2Ftemplates%2Fassets%2Fneon-yMHZQRC80y9OnX483v1Z3VGhTrUEOo.jpg&w=3840&q=75 https://v0.dev/chat/community/MHeBveWfasp https://vercel.com/api/www/avatar/9gZ3ITi99JO6PLh5ZAxjkgJj?s=64 Neon Maze 133 Forks https://v0.dev/_next/image?url=https%3A%2F%2Fsjc.microlink.io%2FJ-4TtnGXBrkJGSsOvUoZ9FAwiLl2xppda1-StCsTItS3FSNkUBnAeG8ZBlMBwtMq61EoLdCwYYA-OKL7ye_pug.jpeg&w=3840&q=75 https://v0.dev/chat/community/1g1VZMvHP0o https://vercel.com/api/www/avatar/r4b1g0CMPxPRGGlBFskp1zwz?s=64 Floating Bubbles 132 Forks https://v0.dev/_next/image?url=https%3A%2F%2Fsjc.microlink.io%2Fa5A6Eh9fixC1fFK7qnsZotfAP_KvsI_LIMXuAtKW5Qoj9nZHP08eDhqwmMShYjexiVhusf8ijjKgpwTcEBwLMQ.jpeg&w=3840&q=75 https://v0.dev/chat/community/b3DN1aOd6mQ https://vercel.com/api/www/avatar/mpyurcBYAmsBqsJftcHsNu8Q?s=64 Marketplace 132 Forks https://v0.dev/_next/image?url=https%3A%2F%2Fgvsmhepiuiax2e6y.public.blob.vercel-storage.com%2Ftemplates%2Fassets%2FCleanShot%25202025-01-25%2520at%252009.21.26%402x-JuM2KXynxYx5qapch6OScEb0IFAzVv.png&w=3840&q=75 https://v0.dev/chat/community/fLjYRXrijvp https://vercel.com/api/www/avatar/Xt8wqxzkatVdL270RPPaEkHw?s=64 Toast 129 Forks https://v0.dev/_next/image?url=https%3A%2F%2Fsjc.microlink.io%2FA4f0GUlJXCz4b8e6LBsPZX7389rytWB92eNGNhNmLEr9N6ecn4dSEJl_XicJrDG3w5Oy4Yp9t_0iL_UBualRPQ.jpeg&w=3840&q=75 https://v0.dev/chat/community/gMSHuT8iq4Y https://vercel.com/api/www/avatar/MGU382wcEOJDOhrAbgupAfzv?s=64 Retro Pixel Blog 124 Forks https://v0.dev/_next/image?url=https%3A%2F%2Fgvsmhepiuiax2e6y.public.blob.vercel-storage.com%2Ftemplates%2Fassets%2Fdocs-QL2cVJ4UomVyf4u8mW8iG2P0lrzUN6.png&w=3840&q=75 https://v0.dev/chat/community/ov3ApgfOdx5 https://vercel.com/api/www/avatar/mXLS0Jh2eWmJ2thq3UHgoTVF?s=64 Documentation Starter 119 Forks https://v0.dev/_next/image?url=https%3A%2F%2Fsjc.microlink.io%2FWWHMdtj32kc7GhFw2u0HK420xsTtzJVnRvMSvkudoWqYEW8un2CkGyOVqHMOS9nr3ynEbMlFlGGISQWeGjVGjw.jpeg&w=3840&q=75 https://v0.dev/chat/community/WUYQbNYP3gt https://vercel.com/api/www/avatar/tXHe7TGE4jMcUYpyi2FtCrIX?s=64 Analytics Dashboard 111 Forks https://v0.dev/_next/image?url=https%3A%2F%2Fgvsmhepiuiax2e6y.public.blob.vercel-storage.com%2Ftemplates%2Fassets%2FCleanShot%25202025-01-25%2520at%252009.48.44%402x-2sLzISJ9M4Oc9mpNi6coOVzv6F7kSc.png&w=3840&q=75 https://v0.dev/chat/community/ctZNvYKW1dH https://vercel.com/api/www/avatar/Xt8wqxzkatVdL270RPPaEkHw?s=64 Bottom Menu 110 Forks https://v0.dev/_next/image?url=https%3A%2F%2Fgvsmhepiuiax2e6y.public.blob.vercel-storage.com%2Ftemplates%2Fassets%2FCleanShot%25202025-01-29%2520at%252012.18.59-S3dhnKtDxqwBoUCdZtQpZwEGnxw6Ny.png&w=3840&q=75 https://v0.dev/chat/community/AgcumPtFM1J https://vercel.com/api/www/avatar/on5gwXzD8VJI95W5H0xRbegF?s=64 React Three Fiber Ray Marching 108 Forks https://v0.dev/_next/image?url=https%3A%2F%2Fgvsmhepiuiax2e6y.public.blob.vercel-storage.com%2Ftemplates%2Fassets%2FCleanShot%25202025-01-25%2520at%252010.17.22%402x-qbeGCXmeJVfaLh0jbpJ3ZvEMOJ6Sjt.png&w=3840&q=75 https://v0.dev/chat/community/0WSCfiIps92 https://vercel.com/api/www/avatar/Xt8wqxzkatVdL270RPPaEkHw?s=64 Light Dark Image Transition 107 Forks https://v0.dev/_next/image?url=https%3A%2F%2Fgvsmhepiuiax2e6y.public.blob.vercel-storage.com%2Ftemplates%2Fassets%2FCleanShot%25202025-01-25%2520at%252009.44.52%402x-6hwCvvcHKNSKJ5ae6y2yQo0hinnjhX.png&w=3840&q=75 https://v0.dev/chat/community/loJEwGwEtJ5 https://vercel.com/api/www/avatar/Xt8wqxzkatVdL270RPPaEkHw?s=64 Animated Music Player 103 Forks Rassemble des screen for boost project structure.","Updated February 4, 2025","Updated Feb 4, 2025","",""
"https://v0.dev/chat/chatbot-interface-QcpbhXWJxqf","Chatbot Interface","// Solution 1: <!DOCTYPE html> <html lang=""en""> <head> <meta charset=""UTF-8""> <meta name=""viewport"" content=""width=device-width, initial-scale=1.0""> <title>Simple Chatbot</title> <style> body { font-family: 'Arial', sans-serif; background-color: #f0f0f0; } .chat-container { width: 400px; margin: auto; } .chatbox { border: 1px solid #ccc; height: 300px; overflow-y: auto; padding: 10px; background: white; } .input-area { display: flex; } #userInput { flex: 1; padding: 10px; } #sendBtn { padding: 10px; } </style> </head> <body> <div class=""chat-container""> <div class=""chatbox"" id=""chatbox""></div> <div class=""input-area""> <input type=""text"" id=""userInput"" placeholder=""Send a message..."" /> <button id=""sendBtn"">Send</button> </div> </div> <script> const chatbox = document.getElementById('chatbox'); const userInput = document.getElementById('userInput'); const sendBtn = document.getElementById('sendBtn'); sendBtn.onclick = () => { const message = userInput.value.trim(); if (message) { appendMessage('user', message); userInput.value = ''; generateResponse(message); } }; function appendMessage(sender, text) { const messageElement = document.createElement('div'); messageElement.textContent = text; messageElement.className = sender; chatbox.appendChild(messageElement); chatbox.scrollTop = chatbox.scrollHeight; } function generateResponse(message) { let response = 'I am not sure how to respond to that.'; switch (true) { case /hi|hello/i.test(message): response = 'Hello, how can I help you?'; break; case /help/i.test(message): response = 'Sure! What do you need help with?'; break; } setTimeout(() => appendMessage('bot', response), 1000); } </script> </body> </html> // Solution 2: <!DOCTYPE html> <html lang=""en""> <head> <meta charset=""UTF-8""> <meta name=""viewport"" content=""width=device-width, initial-scale=1.0""> <title>Chatbot Interface</title> <style> body { font-family: 'Open Sans', sans-serif; background-color: #eaeaea; } #chat-container { width: 350px; margin: 0 auto; } #chat-log { height: 350px; overflow-y: auto; border: 1px solid #ccc; padding: 10px; background-color: #fff; } #message-input { width: 100%; padding: 10px; } #send { padding: 10px; } </style> </head> <body> <div id=""chat-container""> <div id=""chat-log""></div> <input type=""text"" id=""message-input"" placeholder=""Your message..."" /> <button id=""send"">Send</button> </div> <script> const chatLog = document.getElementById('chat-log'); const messageInput = document.getElementById('message-input'); const sendButton = document.getElementById('send'); sendButton.onclick = function() { const userMessage = messageInput.value; if (userMessage) { appendMessage('user', userMessage); messageInput.value = ''; generateReply(userMessage); } }; function appendMessage(sender, text) { const messageDiv = document.createElement('div'); messageDiv.classList.add(sender); messageDiv.textContent = text; chatLog.appendChild(messageDiv); chatLog.scrollTop = chatLog.scrollHeight; } function generateReply(userMessage) { let reply; switch (true) { case /hi|hello/i.test(userMessage): reply = 'Greetings! What can I do for you?'; break; case /how are you/i.test(userMessage): reply = 'I'm just a program, but thanks for asking!'; break; default: reply = 'I'm sorry, but I didn't understand that.'; } setTimeout(() => appendMessage('bot', reply), 1000); } </script> </body> </html>","Updated February 4, 2025","Updated Feb 4, 2025","",""
"https://v0.dev/chat/fusion-and-optimization-Xod4o1isfK7","Fusion and optimization","fusionne all et optimize all","Updated January 31, 2025","Updated Jan 31, 2025","dashboard","https://v0.dev/chat/projects/00diuN7IzHc"
"https://v0.dev/chat/fusion-and-optimization-ZyIYKKQdMyN","Fusion and optimization","fusionne all et optimize all","Updated January 31, 2025","Updated Jan 31, 2025","dashboard","https://v0.dev/chat/projects/00diuN7IzHc"