,Project Name,Category,Status,Priority,Location,Next Actions,Dependencies,Tech Stack,Documentation Status,Last Updated,R√©sum√©_D√©taill√©
0,Admin Dashboard,Infrastructure,Active,Medium,/01_Active_Projects/admin-dashboard,Implement user management,,TypeScript/React,Minimal,2024-02,
1,Agent GPT,AI/ML,Active,High,/04_AI_Projects/agent-gpt,Update dependencies,,Next.js,In Progress,2024-02,
2,AI Content Generator,AI/ML,Active,High,/04_AI_Projects/content-generator,Enhance generation capabilities,GPT-4,Python/TypeScript,In Progress,2024-02,"AI Content Generator est un outil destin√© √† automatiser la cr√©ation de contenu en utilisant des mod√®les d'intelligence artificielle avanc√©s. Actif avec une priorit√© moyenne, le projet vise √† d√©velopper les capacit√©s de g√©n√©ration en int√©grant des mod√®les comme GPT-4, √† permettre la personnalisation des outputs selon les besoins des utilisateurs, et √† fournir des guides d√©taill√©s sur l'utilisation et la configuration de l'outil pour obtenir des r√©sultats optimaux."
3,AI Content Generator,AI/ML,Active,Medium,,D√©velopper les capacit√©s de g√©n√©ration,,,In Progress,2024-02,AI Content Generator est un outil destin√© √† automatiser la cr√©ation de contenu en utilisant des mod√®les d'intelligence artificielle avanc√©s. Actif avec une priorit√© moyenne.
4,AI Image Generator,AI/ML,Active,High,/04_AI_Projects/image-generator,Optimize image generation,Stable Diffusion,Python/TypeScript,In Progress,2024-02,"AI Image Generator utilise des mod√®les de diffusion stable comme Stable Diffusion pour cr√©er des images r√©alistes et artistiques bas√©es sur des descriptions textuelles. Actif avec une priorit√© moyenne, le projet vise √† affiner les mod√®les pour am√©liorer la qualit√© et la diversit√© des images g√©n√©r√©es, √† offrir des options de personnalisation avanc√©es pour permettre aux utilisateurs de d√©finir le style et le ton des images, et √† fournir des guides et des exemples de prompts pour faciliter l'utilisation de l'outil."
5,AI Image Generator,AI/ML,Active,High,,D√©velopper les capacit√©s de g√©n√©ration,,"Python, Stable Diffusion",In Progress,2024-02,AI Image Generator utilise des mod√®les de diffusion stable comme Stable Diffusion pour cr√©er des images r√©alistes et artistiques bas√©es sur des descriptions textuelles. Actif avec une priorit√© moyenne.
6,AIFTW AI,AI/ML,Active,High,/04_AI_Projects/aiftw,Update dependencies,,Next.js,In Progress,2024-02,"AIFTW AI est une plateforme d√©di√©e au d√©veloppement et √† l'int√©gration de solutions d'intelligence artificielle. Actif avec une priorit√© moyenne, le projet vise √† d√©velopper des outils avanc√©s pour l'entra√Ænement et le d√©ploiement des mod√®les d'IA, optimiser l'architecture pour la scalabilit√©, et fournir des guides d'utilisation d√©taill√©s pour faciliter l'adoption et la maintenance des solutions d'IA propos√©es."
7,AIFTW AI,AI/ML,Active,Medium,,D√©velopper les outils d'IA,,,In Progress,2024-02,AIFTW AI est une plateforme d√©di√©e au d√©veloppement et √† l'int√©gration de solutions d'intelligence artificielle. Actif avec une priorit√© moyenne.
8,AIFTW Landing,Web Application,Active,Medium,/02_Web_Apps/aiftw-landing,Connect Git repository,,Next.js,Not Started,2024-12,
9,AIFTW Landing Pages,AI/ML,In Progress,Medium,/04_AI_Projects/aiftw-landing,Consolidate versions,,React/Next.js,Needs Update,2024-01,Les pages d'atterrissage AIFTW sont d√©velopp√©es avec React et Next.js pour une performance optimale. Le projet n√©cessite la consolidation des diff√©rentes versions existantes et une optimisation de l'interface utilisateur pour am√©liorer l'engagement des utilisateurs.
10,AIFTW Model Training,AI/ML,Active,High,/04_AI_Projects/model-training,Optimize performance,ML Libraries,Python/TensorFlow,Partial,2024-01,Ce projet se concentre sur le d√©veloppement et l'optimisation des mod√®les d'apprentissage automatique avec Python et TensorFlow. Il est crucial d'optimiser les performances des mod√®les et d'am√©liorer la gestion et la qualit√© des donn√©es d'entra√Ænement pour des r√©sultats plus pr√©cis et efficaces.
11,AIFTW Platform Dashboard,AI/ML,In Development,High,/04_AI_Projects/aiftw-unified,Complete Docker infrastructure,AI Models,Node.js/React,In Progress,2024-01,"Le tableau de bord de la plateforme AIFTW utilise Node.js pour le backend et React pour l'interface utilisateur, avec Docker pour la conteneurisation. Il est n√©cessaire de finaliser l'infrastructure Docker et d'int√©grer pleinement les mod√®les d'IA pour une gestion efficace et scalable."
12,API Gateway Service,Infrastructure,In Development,High,/infrastructure/api-gateway,Security implementation,,Node.js/Express,Partial,2024-01,"Le service API Gateway utilise Node.js et Express pour servir de point d'entr√©e unique pour toutes les APIs. Actuellement en d√©veloppement, le projet n√©cessite l'impl√©mentation de mesures de s√©curit√© robustes et l'optimisation des performances en utilisant des techniques de mise en cache et de rate limiting."
13,Art Gallery Project,Web Application,Active,Low,/02_Web_Apps/art-gallery,Add gallery features,,TypeScript,Minimal,2023-05,
14,Astro-Boilerplate-1,Infrastructure,Active,Medium,,Finaliser le boilerplate,,"Astro, Tailwind, TypeScript",In Progress,2024-02,"Astro-Boilerplate-1 est un template de boilerplate con√ßu pour le d√©veloppement de projets utilisant le framework Astro, offrant une structure de base et des configurations optimis√©es pour acc√©l√©rer le d√©marrage de nouveaux projets."
15,Astro-Portfolio,Web Application,Active,Medium,,Personnaliser le design,,"Astro, Tailwind, TypeScript",In Progress,2024-02,"Astro-Portfolio est un site de portfolio d√©velopp√© avec le framework Astro, visant √† offrir une plateforme rapide et optimis√©e pour pr√©senter des projets et des comp√©tences. Actif avec une priorit√© moyenne, le projet se concentre sur la personnalisation du design, l'optimisation du SEO, et l'int√©gration d'animations."
16,Auth0 SaaS Starter,SaaS,Active,High,/01_Active_Projects/auth0-saas,Initial setup,Auth0,Next.js,Not Started,2024-10,
17,Auto-GPT,AI/ML,Active,Medium,/04_AI_Projects/auto-gpt,Update AI models,,Python,In Progress,2023-05,
18,Backlink Manager,SEO,Active,Medium,/06_SEO_Tools/backlink-manager,Implement tracking features,,Various,In Progress,2024-02,"Backlink Manager est un outil destin√© √† surveiller, analyser et g√©rer les backlinks d'un site web, √©l√©ments cruciaux pour le r√©f√©rencement naturel et l'autorit√© de domaine. Actif avec une priorit√© moyenne, le projet vise √† d√©velopper des fonctionnalit√©s avanc√©es pour le suivi des nouveaux liens, l'√©valuation de la qualit√© des backlinks, la gestion des backlinks nuisibles et la documentation des meilleures pratiques SEO."
19,Backlink Manager,SEO,Active,Medium,,D√©velopper les fonctionnalit√©s de suivi,,Inconnu,In Progress,2024-02,"Backlink Manager est un outil destin√© √† surveiller, analyser et g√©rer les backlinks d'un site web, √©l√©ments cruciaux pour le r√©f√©rencement naturel et l'autorit√© de domaine. Actif avec une priorit√© moyenne."
20,Binance-Trading-Bot,AI/ML,Active,Medium,,D√©velopper des strat√©gies de trading,,,In Progress,2024-02,"Binance-Trading-Bot est un bot de trading automatis√© con√ßu pour effectuer des transactions sur l'√©change Binance en se basant sur des strat√©gies pr√©d√©finies. Actif avec une priorit√© moyenne, le projet vise √† d√©velopper et impl√©menter des strat√©gies de trading."
21,Bluise,Web Application,Active,Low,/02_Web_Apps/bluise,Update dependencies,,Vue.js,In Progress,2023-07,
22,Bolt DIY,Tools,Active,Medium,/08_Tools/bolt-diy,Develop intuitive interface,,TypeScript,In Progress,2024-02,"Bolt DIY est une plateforme permettant aux utilisateurs de cr√©er et de personnaliser leurs propres outils et applications de mani√®re autonome (Do It Yourself). Actif avec une priorit√© moyenne, le projet vise √† d√©velopper une interface utilisateur intuitive, offrir des options de personnalisation avanc√©es et fournir des guides et tutoriels complets pour encourager la cr√©ativit√© et l'innovation parmi les utilisateurs."
23,Bolt DIY,Tools,Active,Medium,,D√©velopper une interface intuitive,,Inconnu,In Progress,2024-02,Bolt DIY est une plateforme permettant aux utilisateurs de cr√©er et de personnaliser leurs propres outils et applications de mani√®re autonome (Do It Yourself). Actif avec une priorit√© moyenne.
24,Bolt New Local,DevOps,Active,Medium,/01_Active_Projects/bolt-new,Optimize deployment process,GitHub,Remix,In Progress,2024-12,
25,cBot-Project,AI/ML,Active,Medium,,Personnaliser les fonctionnalit√©s du bot,,,In Progress,2024-02,"cBot-Project est un projet visant √† d√©velopper un bot de trading de cryptomonnaies personnalis√©, offrant des fonctionnalit√©s sp√©cifiques adapt√©es aux besoins des utilisateurs. Actif avec une priorit√© moyenne, le projet se concentre sur la personnalisation des fonctionnalit√©s."
26,Chatbot Haven Verse,AI/ML,Active,Medium,,Am√©liorer les capacit√©s conversationnelles,,,In Progress,2024-02,Chatbot Haven Verse est une plateforme avanc√©e de chatbot offrant des interactions complexes et personnalis√©es pour les utilisateurs. Actif avec une priorit√© moyenne.
27,CI/CD Pipeline Templates,Infrastructure,In Progress,High,/infrastructure/ci-cd,Testing framework,,GitHub Actions,Started,2024-01,Les templates de pipeline CI/CD utilisent GitHub Actions pour automatiser les processus d'int√©gration et de d√©ploiement continus. Le projet n√©cessite la mise en place d'un framework de tests robustes et l'automatisation des d√©ploiements.
28,Content Generation API,AI/ML,In Development,Medium,/api-services/content-gen,Add new models,AI APIs,Python/FastAPI,Minimal,2024-01,L'API de g√©n√©ration de contenu utilise Python et FastAPI pour fournir des services automatis√©s de cr√©ation de contenu. Le projet n√©cessite l'ajout de nouveaux mod√®les d'IA et l'optimisation des performances de l'API pour augmenter ses capacit√©s et sa r√©activit√©.
29,Content Strategy Dashboard,Analytics,Active,Medium,/07_Analytics/content-dashboard,Develop visualization tools,,Various,In Progress,2024-02,"Content Strategy Dashboard est un tableau de bord con√ßu pour suivre et analyser les performances des strat√©gies de contenu, aidant les √©quipes √† prendre des d√©cisions bas√©es sur des donn√©es concr√®tes. Actif avec une priorit√© moyenne, le projet utilise des frameworks de visualisation avanc√©s pour pr√©senter les indicateurs cl√©s de performance (KPI) tels que le trafic, l'engagement et les conversions."
30,Content Strategy Dashboard,Analytics,Active,Medium,,D√©velopper les m√©triques de performance,,Inconnu,In Progress,2024-02,"Content Strategy Dashboard est un tableau de bord con√ßu pour suivre et analyser les performances des strat√©gies de contenu, aidant les √©quipes √† prendre des d√©cisions bas√©es sur des donn√©es concr√®tes. Actif avec une priorit√© moyenne."
31,DApp,,Active,Medium,/03_Web3_Projects/dapp,Implement smart contracts,Web3,JavaScript,Minimal,2023-05,
32,Docker Compose Templates,Infrastructure,Active,Medium,/infrastructure/docker-templates,Add services,,Docker,Ongoing,2024-01,Les templates Docker Compose simplifient la configuration et le d√©ploiement des environnements de d√©veloppement et de production. Le projet n√©cessite l'ajout de nouveaux services pour couvrir davantage de sc√©narios d'utilisation et l'optimisation des fichiers Compose.
33,E-commerce Platform,Web Application,Active,Medium,/02_Web_Apps/ecommerce,Implement shopping cart,,TypeScript/Next.js,Minimal,2023-07,
34,Fitness Dashboard,Web Application,Active,Medium,/02_Web_Apps/fitness-dashboard,Add new features,,TypeScript/React,Minimal,2024-01,
35,Fitness NFT Tracker MVP,Web3/Blockchain,Active,Medium,/03_Web3_Projects/fitness-nft,Connect Git repository,,Next.js,Not Started,2024-02,
36,FixieRun Ethos,Web3/Blockchain,In Development,High,/03_Web3_Projects/fixierun-ethos,Finalize Web3 integration,Smart Contracts,Solidity/React,Minimal,2024-01,"FixieRun Ethos d√©finit les r√®gles et interactions au sein de la plateforme Web3. Utilisant Solidity pour les contrats intelligents et React pour l'interface, le projet est en phase de finalisation de l'int√©gration Web3 et n√©cessite une documentation am√©lior√©e et des audits de s√©curit√©."
37,FixieRun Landing Page,Web3/Blockchain,In Development,High,/03_Web3_Projects/FixieRun,Optimize UI/UX,,React/Solidity,In Progress,2024-02,La page d'accueil de FixieRun utilise React pour une interface dynamique et Solidity pour l'int√©gration des contrats intelligents. Le projet n√©cessite une unification de sa structure et une mise √† jour de la documentation pour assurer la coh√©rence et la maintenabilit√© du code.
38,FixieRun Smart Contracts,Web3/Blockchain,In Progress,High,/03_Web3_Projects/smart-contracts,Audit et tests rigoureux,Web3,Solidity,In Progress,2024-01,"Ce projet est d√©di√© au d√©veloppement et √† la maintenance des contrats intelligents de FixieRun. Utilisant Solidity, il est essentiel de r√©aliser des audits de s√©curit√© approfondis et de mettre en place des tests rigoureux."
39,FixieRun Track App,Web3/Blockchain,In Development,High,/fixierun-trackapp,Implement missing tests,FixieRun Core,React Native/Web3,Partial,2024-01,L'application Track de FixieRun est d√©velopp√©e avec React Native pour une compatibilit√© multiplateforme et Web3 pour les interactions blockchain. Il est crucial d'ajouter les tests manquants pour garantir la fiabilit√© de l'application et optimiser les performances.
40,FullBoltProjects,Infrastructure,Active,Medium,/01_Active_Projects/full-bolt,Consolidate bolt projects,,TypeScript,Not Started,2024-01,
41,GraphQL API Gateway,Infrastructure,Active,Medium,,D√©velopper les r√©solveurs,,Inconnu,In Progress,2024-02,"GraphQL API Gateway est un service visant √† centraliser et √† g√©rer les requ√™tes GraphQL pour diverses applications. Actif avec une priorit√© moyenne, le projet utilise Node.js et Express pour d√©velopper les r√©solveurs."
42,Headless CMS Integration,Infrastructure,Active,Medium,,D√©velopper des plugins d'int√©gration,,"React, Vue.js, Next.js",In Progress,2024-02,"Headless CMS Integration vise √† connecter un CMS sans t√™te (comme Strapi, Contentful) avec diverses plateformes front-end (React, Vue.js, Next.js) pour une gestion de contenu flexible et scalable."
43,Keyword Research Tool,SEO,Active,Medium,/06_SEO_Tools/keyword-research,Enhance search capabilities,,Python/TypeScript,In Progress,2024-02,"Keyword Research Tool est un outil avanc√© d'analyse et de recherche de mots-cl√©s destin√© √† aider les professionnels du SEO √† identifier les termes les plus pertinents et efficaces pour leurs strat√©gies de contenu. Actif avec une priorit√© moyenne, le projet vise √† d√©velopper des capacit√©s de recherche approfondies en int√©grant des API de recherche, √† analyser les tendances SEO √† l'aide d'algorithmes sp√©cialis√©s, et √† fournir des guides d√©taill√©s sur l'utilisation de l'outil et l'interpr√©tation des r√©sultats."
44,Keyword Research Tool,SEO,Active,Medium,,D√©velopper les capacit√©s de recherche,,Inconnu,In Progress,2024-02,Keyword Research Tool est un outil avanc√© d'analyse et de recherche de mots-cl√©s destin√© √† aider les professionnels du SEO √† identifier les termes les plus pertinents et efficaces pour leurs strat√©gies de contenu.
45,Langchain Next.js,AI/ML,Active,High,/04_AI_Projects/langchain-nextjs,Update AI integration,Langchain,Next.js,In Progress,2023-11,
46,Merge-Testnets,Web3/Blockchain,Active,Medium,,D√©velopper les outils de fusion,,Inconnu,In Progress,2024-02,"Merge-Testnets est un projet visant √† d√©velopper des outils pour faciliter la fusion et la gestion des testnets Ethereum, permettant aux d√©veloppeurs de tester leurs contrats intelligents et applications dans des environnements simul√©s avant le d√©ploiement."
47,Minimalist Frontend Boilerplate,Infrastructure,Active,Medium,,Optimiser le boilerplate,,Inconnu,In Progress,2024-02,"Le boilerplate frontend minimaliste est con√ßu comme une base l√©g√®re pour le d√©veloppement rapide d'applications frontend, mettant l'accent sur la simplicit√© et l'efficacit√©. Actif avec une priorit√© moyenne."
48,ML Model Pipeline,AI/ML,Active,High,/04_AI_Projects/ml-pipeline,Automate deployment process,MLflow,Python,In Progress,2024-02,"Le pipeline de mod√®les ML est con√ßu pour automatiser le cycle de vie des mod√®les d'apprentissage automatique, de l'entra√Ænement au d√©ploiement. Actif avec une priorit√© moyenne, le projet vise √† int√©grer des outils comme Kubeflow ou MLflow pour orchestrer le pipeline, mettre en place des tests de performance et de validation pour chaque √©tape, et documenter les processus et configurations n√©cessaires pour maintenir et mettre √† jour le pipeline efficacement."
49,ML Model Pipeline,AI/ML,Active,High,,Automatiser le cycle de vie,,Inconnu,In Progress,2024-02,"Le pipeline de mod√®les ML est con√ßu pour automatiser le cycle de vie des mod√®les d'apprentissage automatique, de l'entra√Ænement au d√©ploiement. Actif avec une priorit√© moyenne."
50,Modern SaaS Landing,Web Application,Active,Medium,/02_Web_Apps/modern-saas-landing,Optimize UI/UX,,HTML/CSS/JS,In Progress,2024-01,"La landing page moderne pour SaaS est con√ßue pour attirer et convertir les visiteurs en utilisateurs en pr√©sentant les avantages et les fonctionnalit√©s du service de mani√®re claire et attrayante. Actif avec une priorit√© moyenne, le projet vise √† concevoir une interface utilisateur convaincante, optimiser le SEO et r√©aliser des tests A/B pour maximiser les taux de conversion."
51,Mon Projet AI,AI/ML,Active,Medium,,D√©velopper des mod√®les personnalis√©s,,,In Progress,2024-02,"""Mon Projet AI"" est une initiative personnelle visant √† d√©velopper et √† impl√©menter des solutions d'intelligence artificielle pour divers cas d'utilisation. Actif avec une priorit√© moyenne."
52,Monitoring Stack,Infrastructure,Planning,Medium,/infrastructure/monitoring,Initial setup,,Prometheus/Grafana,Not Started,2024-01,"La stack de monitoring utilise Prometheus pour la collecte et le stockage des m√©triques et Grafana pour la visualisation des donn√©es. En phase de planification, il est essentiel de r√©aliser l'installation initiale des outils, de d√©finir les m√©triques cl√©s √† surveiller."
53,Monorepo,Infrastructure,Active,Medium,/01_Active_Projects/monorepo,Initial setup,,Various,Not Started,2024-07,
54,My SaaS App,SaaS,Active,High,/01_Active_Projects/mysaas,Define core features,,Various,Not Started,2024-11,"""My SaaS App"" est une application Software as a Service g√©n√©rique con√ßue pour offrir des services via le cloud. Actif avec une priorit√© moyenne, le projet vise √† d√©velopper des fonctionnalit√©s essentielles (authentification, gestion des comptes, paiements) et √† optimiser l'architecture pour assurer une scalabilit√© et une disponibilit√© √©lev√©es en utilisant des services cloud fiables comme AWS, Azure ou Google Cloud."
55,Next Enterprise,Web Application,Active,Medium,,D√©velopper des fonctionnalit√©s avanc√©es,,Inconnu,In Progress,2024-02,
56,Next.js AI Chatbot,AI/ML,Active,High,/04_AI_Projects/nextjs-ai-chatbot,Setup production deployment,,Next.js,Not Started,2024-02,
57,Next.js Boilerplate,Infrastructure,Active,Medium,/01_Active_Projects/nextjs-boilerplate,Update dependencies,,Next.js,In Progress,2024-02,
58,Next.js Chat SaaS,SaaS,Active,High,/01_Active_Projects/chat-saas,Develop chat features,,TypeScript/Next.js,In Progress,2024-11,
59,Next.js Postgres Auth Starter,Infrastructure,Active,Medium,/01_Active_Projects/postgres-auth,Update dependencies,,Next.js/PostgreSQL,In Progress,2024-01,
60,Next.js Project,Web Application,Active,Medium,/02_Web_Apps/nextjs-project,Implement core features,,TypeScript/Next.js,Minimal,2024-01,
61,Next.js Subscription,SaaS,Active,High,/01_Active_Projects/subscription-payments,Implement payment system,,TypeScript/Next.js,In Progress,2024-11,
62,Next.js with Supabase,Infrastructure,Active,Medium,/01_Active_Projects/nextjs-supabase,Setup production deployment,Supabase,Next.js,Not Started,2024-01,
63,Nexus,Infrastructure,Active,Medium,/01_Active_Projects/nexus,Define architecture,,Various,Not Started,2024-11,
64,Optimize React Docs,Documentation,Active,Low,/05_Documentation/react-docs,Update documentation,,TypeScript,In Progress,2024-02,
65,PBN Management SaaS,SaaS,Active,Medium,/01_Active_Projects/pbn-management,Implement security features,,Various,In Progress,2024-02,"PBN Management SaaS est une plateforme SaaS destin√©e √† la gestion des r√©seaux de blogs priv√©s (Private Blog Networks), essentiels pour le SEO et le backlinking. Actif avec une priorit√© moyenne, le projet vise √† d√©velopper des outils efficaces pour la cr√©ation automatis√©e de blogs, la gestion des contenus, le suivi des performances SEO, et √† assurer la s√©curit√© des PBNs pour √©viter les p√©nalit√©s des moteurs de recherche, tout en fournissant des guides d√©taill√©s sur les meilleures pratiques de gestion des PBNs."
66,PBN Management SaaS,SaaS,Active,Medium,,D√©velopper les outils de cr√©ation,,Inconnu,In Progress,2024-02,"PBN Management SaaS est une plateforme SaaS destin√©e √† la gestion des r√©seaux de blogs priv√©s (Private Blog Networks), essentiels pour le SEO et le backlinking. Actif avec une priorit√© moyenne."
67,Pedal Playground,Web Application,Active,Medium,,D√©velopper les modules de simulation,,Inconnu,In Progress,2024-02,"Pedal Playground est une plateforme de simulation de p√©dales de guitare, destin√©e aux musiciens souhaitant exp√©rimenter avec diff√©rents effets sonores de mani√®re virtuelle. Actif avec une priorit√© moyenne."
68,Pedal Playground,Web Application,Active,Medium,/02_Web_Apps/pedal-playground,Fix wallet connection,Web3,React/TypeScript,In Progress,2024-12,"Pedal Playground est une plateforme de simulation de p√©dales de guitare, destin√©e aux musiciens souhaitant exp√©rimenter avec diff√©rents effets sonores de mani√®re virtuelle. Actif avec une priorit√© moyenne, le projet vise √† d√©velopper des modules de simulation pour une vari√©t√© d'effets, optimiser l'exp√©rience utilisateur et assurer une interface conviviale pour une utilisation facile et engageante."
69,Perplexity ChatBot,AI/ML,In Progress,Medium,/chatbot-integration,Complete frontend integration,Perplexity API,Node.js/Express,Started,2024-01,"Le chatbot Perplexity est d√©velopp√© avec Node.js et Express pour le backend, et utilise l'API Perplexity pour les fonctionnalit√©s d'IA. Il n√©cessite la compl√©tion de l'int√©gration frontend et des am√©liorations UX/UI pour offrir une exp√©rience utilisateur fluide et engageante."
70,POE API Wrapper,Developer Tools,Active,Medium,,D√©velopper des fonctionnalit√©s du wrapper,,Inconnu,In Progress,2024-02,POE API Wrapper est un outil con√ßu pour faciliter l'interaction avec l'API POE en fournissant des interfaces simplifi√©es et des fonctionnalit√©s suppl√©mentaires. Actif avec une priorit√© moyenne.
71,Project Insights,Analytics,Active,Medium,/01_Active_Projects/project-insights,Implement analytics dashboard,,TypeScript/HTML,Minimal,2024-02,
72,React Component Library,Infrastructure,Active,Medium,/01_Active_Projects/react-components,Document components,,React/TypeScript,In Progress,2024-02,"React Component Library est une collection de composants React r√©utilisables con√ßus pour acc√©l√©rer le d√©veloppement d'interfaces utilisateur coh√©rentes et maintenables. Actif avec une priorit√© moyenne, le projet vise √† d√©velopper une vari√©t√© de composants pour les √©l√©ments courants (boutons, formulaires, modals), √† les documenter et visualiser en utilisant Storybook."
73,React Component Library,Infrastructure,Active,Medium,,D√©velopper des composants diversifi√©s,,React,In Progress,2024-02,"React Component Library est une collection de composants React r√©utilisables con√ßus pour acc√©l√©rer le d√©veloppement d'interfaces utilisateur coh√©rentes et maintenables. Actif avec une priorit√© moyenne, le projet vise √† d√©velopper une vari√©t√© de composants."
74,Remix App,Web Application,Active,Medium,,Optimiser les performances,,Remix Framework,In Progress,2024-02,"Remix App est une application d√©velopp√©e en utilisant le framework Remix, visant √† offrir une exp√©rience utilisateur fluide et des fonctionnalit√©s avanc√©es. Actif avec une priorit√© moyenne."
75,SaaS Project Template,Infrastructure,Active,High,/01_Active_Projects/SaaS-Projects,Standardize architecture,,Various,In Progress,2024-01,"Le template de projet SaaS est con√ßu pour fournir une architecture standardis√©e facilitant le d√©marrage rapide de nouvelles applications SaaS. Il est essentiel de d√©finir des conventions d'architecture communes, de documenter les meilleures pratiques de codage et de mettre en place des modules r√©utilisables pour les fonctionnalit√©s fr√©quemment utilis√©es."
76,SEO Affiliate Assistant,Developer Tools,In Development,Medium,/tools/seo-affiliate,Add analytics metrics,SEO API,Node.js,Partial,2024-01,L'assistant SEO Affiliate utilise Node.js et une API SEO pour optimiser les strat√©gies affili√©es en fournissant des analyses et des recommandations bas√©es sur les donn√©es SEO. Il est n√©cessaire d'ajouter des m√©triques d'analytics et d'optimiser les algorithmes.
77,SEO Analyzer Tool,Developer Tools,In Development,Medium,/seo_analyzer_tool_c5gpqi,Improve UI,Analytics API,Python/React,Minimal,2024-01,L'outil d'analyse SEO utilise Python et React pour √©valuer et am√©liorer les performances SEO des sites web en se basant sur des donn√©es r√©cup√©r√©es via une API Analytics. Le projet n√©cessite des am√©liorations de l'interface utilisateur et une optimisation des performances.
78,SEO Content Optimizer,SEO,Active,Medium,,Am√©liorer les capacit√©s d'analyse,,Inconnu,In Progress,2024-02,"SEO Content Optimizer est un outil visant √† am√©liorer la qualit√© et la performance du contenu web pour les moteurs de recherche. Actif avec une priorit√© moyenne, le projet utilise Python et React pour analyser et optimiser les contenus."
79,Technical SEO Scanner,Developer Tools,Planning,Low,/tools/tech-seo,Initial setup,,Python/JS,Not Started,2024-01,"Le scanner SEO technique utilise Python et JavaScript pour analyser et identifier les probl√®mes techniques affectant le r√©f√©rencement des sites web. En phase de planification, le projet doit d√©buter avec l'installation initiale des outils."
80,v0-dj,Web Application,Active,Medium,/02_Web_Apps/v0-dj,Connect Git repository,,Next.js,Not Started,2024-01,
81,VPS Dashboard,DevOps,Active,Medium,/01_Active_Projects/vps-dashboard,Setup initial deployment,,Next.js,Not Started,2024-01,
82,Vue.js Design System,Infrastructure,Active,Medium,/01_Active_Projects/vue-design-system,Standardize components,,Vue.js,In Progress,2024-02,"Vue.js Design System est un ensemble de composants et de styles coh√©rents pour le d√©veloppement d'applications utilisant le framework Vue.js. Actif avec une priorit√© moyenne, le projet vise √† cr√©er des composants Vue r√©utilisables pour les √©l√©ments courants de l'interface utilisateur, √† standardiser les styles en utilisant des pr√©processeurs CSS ou des biblioth√®ques comme Tailwind CSS."
83,Vue.js Design System,Infrastructure,Active,Medium,,D√©velopper les composants de design,,"Vue.js, SCSS/Tailwind CSS",In Progress,2024-02,"Vue.js Design System est un ensemble de composants et de styles coh√©rents pour le d√©veloppement d'applications utilisant le framework Vue.js. Actif avec une priorit√© moyenne, le projet vise √† cr√©er des composants Vue r√©utilisables."
84,Websim Dashboard,Web Application,Active,Medium,/02_Web_Apps/websim-dashboard,Setup production deployment,,Next.js,Not Started,2024-01,
85,WordPress Auto Deploy,DevOps,Active,Medium,/01_Active_Projects/wp-auto-deploy,Automate deployment process,,Various,In Progress,2024-02,"WordPress Auto Deploy est un outil con√ßu pour automatiser le d√©ploiement des sites WordPress, r√©duisant le temps et les efforts n√©cessaires pour mettre en ligne des sites. Actif avec une priorit√© moyenne, le projet vise √† automatiser les processus de d√©ploiement en utilisant des scripts et un pipeline CI/CD, √† int√©grer des outils de monitoring pour suivre les d√©ploiements, et √† documenter les √©tapes de configuration et d'utilisation de l'outil pour faciliter son adoption et son maintien."
86,WordPress Auto Deploy,DevOps,Active,Medium,,Automatiser les processus de d√©ploiement,,Inconnu,In Progress,2024-02,"WordPress Auto Deploy est un outil con√ßu pour automatiser le d√©ploiement des sites WordPress, r√©duisant le temps et les efforts n√©cessaires pour mettre en ligne des sites. Actif avec une priorit√© moyenne."
87,WordPress Automation Suite,Developer Tools,Functional,Medium,/06_Tools/wordpress-automation,Improve documentation,WordPress API,Python/Bash,Outdated,2023-12,La suite d'automatisation WordPress utilise Python et Bash pour automatiser diverses t√¢ches de gestion de sites WordPress via l'API WordPress. Le projet n√©cessite une am√©lioration de la documentation et un refactoring des scripts existants pour accro√Ætre leur efficacit√© et leur fiabilit√©.
88,WordPress Deployment Tool,WordPress/CMS,Active,Medium,/wordpress-tools/deployment,Add monitoring,,Docker/Bash,In Progress,2024-01,Cet outil de d√©ploiement WordPress utilise Docker et Bash pour automatiser le d√©ploiement rapide et fiable de sites WordPress. Il est n√©cessaire d'ajouter des fonctionnalit√©s de surveillance.
89,WordPress Theme Framework,WordPress/CMS,In Development,Medium,/wordpress-tools/theme-framework,Component library,,PHP/React,Started,2024-01,Le framework de th√®me WordPress utilise PHP pour les fonctionnalit√©s backend et React pour les composants frontend interactifs. Le projet n√©cessite la cr√©ation d'une biblioth√®que de composants r√©utilisables.
90,WP Manager,DevOps,Active,Medium,/01_Active_Projects/wp-manager,Implement automation features,,Vite/TypeScript,Minimal,2024-02,
91,0,Other,Active,Medium,,,,,In Progress,2025-03,Project imported from WebSim. Last activity: nan
92,TechBuzzinga - L'actualit√© tech √† la pointe,Other,Active,Medium,,,,,In Progress,2025-03,Project imported from WebSim. Last activity: 6 days ago
93,19,Other,Active,Medium,,,,,In Progress,2025-03,Project imported from WebSim. Last activity: https://websim.ai/api/v1/projects/982yker05bvfs45v11et/revisions/1/thumbnail
94,RhymeChain | Next-Gen Hip-Hop Gaming on Blockchain,AI/ML,Active,Medium,,,,,In Progress,2025-03,Project imported from WebSim. Last activity: 1 week ago
95,2,Other,Active,Medium,,,,,In Progress,2025-03,Project imported from WebSim. Last activity: https://websim.ai/api/v1/projects/rkyo379y5_98g7z6cyjc/revisions/1/thumbnail
96,Fitness Tracker Hub,Other,Active,Medium,,,,,In Progress,2025-03,Project imported from WebSim. Last activity: 1 week ago
97,17,Other,Active,Medium,,,,,In Progress,2025-03,Project imported from WebSim. Last activity: https://websim.ai/api/v1/projects/p_rdb8bik3nzh5jbnn42/revisions/7/thumbnail
98,Fixie.run - Fixed Gear NFT Web3 FitApp,Web Application,Active,Medium,,,,,In Progress,2025-03,Project imported from WebSim. Last activity: 1 week ago
99,18,Other,Active,Medium,,,,,In Progress,2025-03,Project imported from WebSim. Last activity: https://websim.ai/api/v1/projects/acu8a5qdikxdp8gh5cps/revisions/1/thumbnail
100,RhymeChain: The Future of Hip-Hop Gaming,AI/ML,Active,Medium,,,,,In Progress,2025-03,Project imported from WebSim. Last activity: 1 week ago
101,1,Other,Active,Medium,,,,,In Progress,2025-03,Project imported from WebSim. Last activity: https://websim.ai/api/v1/projects/pnt28x5acb25h2b9pqkp/revisions/2/thumbnail
102,Beauty Product Reviews - Home,Other,Active,Medium,,,,,In Progress,2025-03,Project imported from WebSim. Last activity: 1 week ago
103,AIFTW - Advanced Intelligence For Tomorrow's World,AI/ML,Active,Medium,,,,,In Progress,2025-03,Project imported from WebSim. Last activity: 1 month ago
104,Notre √âquipe - FixieRun,Other,Active,Medium,,,,,In Progress,2025-03,Project imported from WebSim. Last activity: 1 month ago
105,23,Other,Active,Medium,,,,,In Progress,2025-03,Project imported from WebSim. Last activity: https://websim.ai/api/v1/projects/xe0ke3lvbk_galz6204n/revisions/16/thumbnail
106,üéß Hercule MK200 System Architecture Visualization,Other,Active,Medium,,,,,In Progress,2025-03,Project imported from WebSim. Last activity: 1 month ago
107,25,Other,Active,Medium,,,,,In Progress,2025-03,Project imported from WebSim. Last activity: https://websim.ai/api/v1/projects/x_vo1jxcaj965xln7szr/revisions/11/thumbnail
108,13,Other,Active,Medium,,,,,In Progress,2025-03,Project imported from WebSim. Last activity: https://websim.ai/api/v1/projects/03f9t56t66baj39935b2/revisions/1/thumbnail
109,"Welcome to FixieNFTRun Collect, customize, and race unique fixie bikes in the ultimate NFT cycling experience!",Web3/Blockchain,Active,Medium,,,,,In Progress,2025-03,Project imported from WebSim. Last activity: 2 months ago
110,Untitled,Other,Active,Medium,,,,,In Progress,2025-03,Project imported from WebSim. Last activity: 2 months ago
111,Antony Lambinon - Blockchain & Web Developer,AI/ML,Active,Medium,,,,,In Progress,2025-03,Project imported from WebSim. Last activity: 2 months ago
112,FixieRun | Fitness Gaming NFT - Gagnez des R√©compenses en P√©dalant,Web3/Blockchain,Active,Medium,,,,,In Progress,2025-03,Project imported from WebSim. Last activity: 2 months ago
113,FixieRun - L'Avenir du Fitness Gaming,Other,Active,Medium,,,,,In Progress,2025-03,Project imported from WebSim. Last activity: 2 months ago
114,Enhanced WP-CLI Deployment Interface,DevOps,Active,Medium,,,,,In Progress,2025-03,Project imported from WebSim. Last activity: 2 months ago
115,Interactive Turntable and Visualizer,Other,Active,Medium,,,,,In Progress,2025-03,Project imported from WebSim. Last activity: 3 months ago
116,AIFTW Chatbot Dashboard,AI/ML,Active,Medium,,,,,In Progress,2025-03,Project imported from WebSim. Last activity: 3 months ago
117,"FixieRun: Ride, Earn, and Collect Unique NFT Bikes | Play-to-Earn Cycling Game",Web3/Blockchain,Active,Medium,,,,,In Progress,2025-03,Project imported from WebSim. Last activity: 3 months ago
118,"FixieRun - Ride, Earn, and Collect Unique NFT Bikes",Web3/Blockchain,Active,Medium,,,,,In Progress,2025-03,Project imported from WebSim. Last activity: 3 months ago
119,Start Vite development server,Other,Active,Medium,,,,,In Progress,2025-03,Project imported from DonneÃÅes InstantaneÃÅes (1).csv
120,Blank (forked),Other,Active,Medium,,,,,In Progress,2025-03,Project imported from DonneÃÅes InstantaneÃÅes (1).csv
121,Set up Crypto Social Analysis Dashboard,Web Application,Active,Medium,,,,,In Progress,2025-03,Project imported from DonneÃÅes InstantaneÃÅes (1).csv
122,Plateforme d'optimisation SEO et SEA,SEO,Active,Medium,,,,,In Progress,2025-03,Project imported from DonneÃÅes InstantaneÃÅes (1).csv
123,Connect to Supabase,Other,Active,Medium,,,,,In Progress,2025-03,Project imported from DonneÃÅes InstantaneÃÅes (1).csv
124,SEO Tools Dashboard,Web Application,Active,Medium,,,,,In Progress,2025-03,Project imported from DonneÃÅes InstantaneÃÅes (1).csv
125,Dashboard Initial Setup,Web Application,Active,Medium,,,,,In Progress,2025-03,Project imported from DonneÃÅes InstantaneÃÅes (1).csv
126,Node.js WordPress Management Alternative,Other,Active,Medium,,,,,In Progress,2025-03,Project imported from DonneÃÅes InstantaneÃÅes (1).csv
127,Fork of rhymechain-landing,AI/ML,Active,Medium,,,,,In Progress,2025-03,Project imported from Instant Data Scraper v0 (1).csv
128,Next.js web app,Web Application,Active,Medium,,,,,In Progress,2025-03,Project imported from Instant Data Scraper v0 (1).csv
129,Code improvement,Other,Active,Medium,,,,,In Progress,2025-03,Project imported from Instant Data Scraper v0 (1).csv
130,Fork of aiftw-landing,AI/ML,Active,Medium,,,,,In Progress,2025-03,Project imported from Instant Data Scraper v0 (1).csv
131,Fork of portfolio,Other,Active,Medium,,,,,In Progress,2025-03,Project imported from Instant Data Scraper v0 (1).csv
132,Image Analysis,Other,Active,Medium,,,,,In Progress,2025-03,Project imported from Instant Data Scraper v0 (1).csv
133,Fork of project-tracking-dashboa,Other,Active,Medium,,,,,In Progress,2025-03,Project imported from Instant Data Scraper v0 (1).csv
134,Merge chatbot landing pages,AI/ML,Active,Medium,,,,,In Progress,2025-03,Project imported from Instant Data Scraper v0 (1).csv
135,Seo and sea platform,SEO,Active,Medium,,,,,In Progress,2025-03,Project imported from Instant Data Scraper v0 (1).csv
136,Vite refactor and enhancements,Other,Active,Medium,,,,,In Progress,2025-03,Project imported from Instant Data Scraper v0 (1).csv
137,Fork of artist-portfolio,Other,Active,Medium,,,,,In Progress,2025-03,Project imported from Instant Data Scraper v0 (1).csv
138,Artist Portfolio,Other,Active,Medium,,,,,In Progress,2025-03,Project imported from Instant Data Scraper v0 (1).csv
139,Fixierun features,Other,Active,Medium,,,,,In Progress,2025-03,Project imported from Instant Data Scraper v0 (1).csv
140,Healthylivingadvices clone,Other,Active,Medium,,,,,In Progress,2025-03,Project imported from Instant Data Scraper v0 (1).csv
141,Fitness App,Web Application,Active,Medium,,,,,In Progress,2025-03,Project imported from Instant Data Scraper v0 (1).csv
142,Seo app,Web Application,Active,Medium,,,,,In Progress,2025-03,Project imported from Instant Data Scraper v0 (1).csv
143,Code and text analysis,Other,Active,Medium,,,,,In Progress,2025-03,Project imported from Instant Data Scraper v0 (1).csv
144,Fitapp Clone,Web Application,Active,Medium,,,,,In Progress,2025-03,Project imported from Instant Data Scraper v0 (1).csv
145,Code snippet,Other,Active,Medium,,,,,In Progress,2025-03,Project imported from Instant Data Scraper v0 (1).csv
146,Analyze and fix,Other,Active,Medium,,,,,In Progress,2025-03,Project imported from Instant Data Scraper v0 (1).csv
147,Code all files,Other,Active,Medium,,,,,In Progress,2025-03,Project imported from Instant Data Scraper v0 (1).csv
148,Enhanced prompt analysis,Other,Active,Medium,,,,,In Progress,2025-03,Project imported from Instant Data Scraper v0 (1).csv
149,Vizify,Other,Active,Medium,,,,,In Progress,2025-03,Project imported from Instant Data Scraper v0 (1).csv
150,Cryptix Ai,AI/ML,Active,Medium,,,,,In Progress,2025-03,Project imported from Instant Data Scraper v0 (1).csv
151,Build entire project,Other,Active,Medium,,,,,In Progress,2025-03,Project imported from Instant Data Scraper v0 (1).csv
152,Improve Build Process,Other,Active,Medium,,,,,In Progress,2025-03,Project imported from Instant Data Scraper v0 (1).csv
153,Forked Chat,Other,Active,Medium,,,,,In Progress,2025-03,Project imported from Instant Data Scraper v0 (1).csv
154,Design with Inverse Venturi,Other,Active,Medium,,,,,In Progress,2025-03,Project imported from Instant Data Scraper v0 (1).csv
155,Fixie run platform,Other,Active,Medium,,,,,In Progress,2025-03,Project imported from Instant Data Scraper v0 (1).csv
156,IA and SEO Course,SEO,Active,Medium,,,,,In Progress,2025-03,Project imported from Instant Data Scraper v0 (1).csv
157,Code request,Other,Active,Medium,,,,,In Progress,2025-03,Project imported from Instant Data Scraper v0 (1).csv
158,Text paste issue,Other,Active,Medium,,,,,In Progress,2025-03,Project imported from Instant Data Scraper v0 (1).csv
159,Expert advice on engineering soc,Other,Active,Medium,,,,,In Progress,2025-03,Project imported from Instant Data Scraper v0 (1).csv
160,Payment Modal,Other,Active,Medium,,,,,In Progress,2025-03,Project imported from Instant Data Scraper v0 (1).csv
161,Code analysis request,Other,Active,Medium,,,,,In Progress,2025-03,Project imported from Instant Data Scraper v0 (1).csv
162,Fork of memory-game,Other,Active,Medium,,,,,In Progress,2025-03,Project imported from Instant Data Scraper v0 (1).csv
163,Kids Memory Game,Other,Active,Medium,,,,,In Progress,2025-03,Project imported from Instant Data Scraper v0 (1).csv
164,Fork of integrations-page,Web Application,Active,Medium,,,,,In Progress,2025-03,Project imported from Instant Data Scraper v0 (1).csv
165,Integrations Page,Web Application,Active,Medium,,,,,In Progress,2025-03,Project imported from Instant Data Scraper v0 (1).csv
166,FixieRun Web3 App,Web Application,Active,Medium,,,,,In Progress,2025-03,Project imported from Instant Data Scraper v0 (1).csv
167,Project dashboard development,Web Application,Active,Medium,,,,,In Progress,2025-03,Project imported from Instant Data Scraper v0 (1).csv
168,Project tracking dashboard,Web Application,Active,Medium,,,,,In Progress,2025-03,Project imported from Instant Data Scraper v0 (1).csv
169,3D Landing Page,Web Application,Active,Medium,,,,,In Progress,2025-03,Project imported from Instant Data Scraper v0 (1).csv
170,Web3 and AI roadmap,AI/ML,Active,Medium,,,,,In Progress,2025-03,Project imported from Instant Data Scraper v0 (1).csv
171,Hero Geometric Background,Other,Active,Medium,,,,,In Progress,2025-03,Project imported from Instant Data Scraper v0 (1).csv
172,Model Selection,Other,Active,Medium,,,,,In Progress,2025-03,Project imported from Instant Data Scraper v0 (1).csv
173,Fork of AIFTW Dashboard,AI/ML,Active,Medium,,,,,In Progress,2025-03,Project imported from Instant Data Scraper v0 (1).csv
174,Analytics Dashboard,Web Application,Active,Medium,,,,,In Progress,2025-03,Project imported from Instant Data Scraper v0 (1).csv
175,Chatbot selection analysis,AI/ML,Active,Medium,,,,,In Progress,2025-03,Project imported from Instant Data Scraper v0 (1).csv
176,Analyze task list,Other,Active,Medium,,,,,In Progress,2025-03,Project imported from Instant Data Scraper v0 (1).csv
177,Front end and back end,Other,Active,Medium,,,,,In Progress,2025-03,Project imported from Instant Data Scraper v0 (1).csv
178,Vercel Storage Links,Other,Active,Medium,,,,,In Progress,2025-03,Project imported from Instant Data Scraper v0 (1).csv
179,Chatbot Interface,AI/ML,Active,Medium,,,,,In Progress,2025-03,Project imported from Instant Data Scraper v0 (1).csv
180,Fusion and optimization,Other,Active,Medium,,,,,In Progress,2025-03,Project imported from Instant Data Scraper v0 (1).csv
181,Cyborg Invaders Arcade,Other,Active,Medium,,,,,In Progress,2025-03,Project imported from Lovable. Last activity: about 18 hours ago
182,Model Comparator Galaxy,Other,Active,Medium,,,,,In Progress,2025-03,Project imported from Lovable. Last activity: 2 days ago
183,Affiliate Expert Gateway,Other,Active,Medium,,,,,In Progress,2025-03,Project imported from Lovable. Last activity: 2 days ago
184,Fitplay Nft Adventure,Web3/Blockchain,Active,Medium,,,,,In Progress,2025-03,Project imported from Lovable. Last activity: 7 days ago
185,Pixel Pedals Nft,Web3/Blockchain,Active,Medium,,,,,In Progress,2025-03,Project imported from Lovable. Last activity: 7 days ago
186,Fitchain Quest,AI/ML,Active,Medium,,,,,In Progress,2025-03,Project imported from Lovable. Last activity: 7 days ago
187,Seo Focused Portfolio 47,SEO,Active,Medium,,,,,In Progress,2025-03,Project imported from Lovable. Last activity: 7 days ago
188,Relational Communicator,Other,Active,Medium,,,,,In Progress,2025-03,Project imported from Lovable. Last activity: 13 days ago
189,Pbn Creator Squad,Tools,Active,Medium,,,,,In Progress,2025-03,Project imported from Lovable. Last activity: 13 days ago
190,Chatbot Hub Creator,AI/ML,Active,Medium,,,,,In Progress,2025-03,Project imported from Lovable. Last activity: 15 days ago
191,Chatbot Sync Hub,AI/ML,Active,Medium,,,,,In Progress,2025-03,Project imported from Lovable. Last activity: 17 days ago
192,Chatbot Gateway Hub,AI/ML,Active,Medium,,,,,In Progress,2025-03,Project imported from Lovable. Last activity: 19 days ago
193,Relate Connect Nurture,Other,Active,Medium,,,,,In Progress,2025-03,Project imported from Lovable. Last activity: about 2 months ago
194,Audio Magic Weaver,Other,Active,Medium,,,,,In Progress,2025-03,Project imported from Lovable. Last activity: about 2 months ago
195,Groove Mix Master,Other,Active,Medium,,,,,In Progress,2025-03,Project imported from Lovable. Last activity: about 2 months ago
196,Joyful Bridge Builder,Other,Active,Medium,,,,,In Progress,2025-03,Project imported from Lovable. Last activity: 2 months ago
197,Pedal Nft Revolution,Web3/Blockchain,Active,Medium,,,,,In Progress,2025-03,Project imported from Lovable. Last activity: 2 months ago
198,Convo Aliens Galaxy,Other,Active,Medium,,,,,In Progress,2025-03,Project imported from Lovable. Last activity: 2 months ago
199,Fixie Future Framework,Infrastructure,Active,Medium,,,,,In Progress,2025-03,Project imported from Lovable. Last activity: 2 months ago
200,Augmend,Other,Active,Medium,,,,,In Progress,2025-03,Project imported from Lovable. Last activity: @HHBisPOo1XUj5cUuvWGeo3bBpe83
201,Capacity Allocator,Other,Active,Medium,,,,,In Progress,2025-03,Project imported from Lovable. Last activity: @xmFTPbICuEVupj5KwZB9bfaaQ9b2
202,Cortex Second Brain,AI/ML,Active,Medium,,,,,In Progress,2025-03,Project imported from Lovable. Last activity: @NbgJX23vE7OqDkj8AyNQafhECC23
203,Benchcraft,Other,Active,Medium,,,,,In Progress,2025-03,Project imported from Lovable. Last activity: @empenini
204,Chef Cuistot Ia,Other,Active,Medium,,,,,In Progress,2025-03,Project imported from Lovable. Last activity: @ta4wxM8mnJRyRzEQWOvrPGYxmEK2
205,Pulse Robot Landing,Web Application,Active,Medium,,,,,In Progress,2025-03,Project imported from Lovable. Last activity: @rka
206,Chainpulse Dashboard,AI/ML,Active,Medium,,,,,In Progress,2025-03,Project imported from Lovable. Last activity: @NbgJX23vE7OqDkj8AyNQafhECC23
207,Collabnet Visualizer,Other,Active,Medium,,,,,In Progress,2025-03,Project imported from Lovable. Last activity: @miDUvZa2QWYujZxPAuSv80FOaRU2
208,Codebattle Dashboard 25,Web Application,Active,Medium,,,,,In Progress,2025-03,Project imported from Lovable. Last activity: @NbgJX23vE7OqDkj8AyNQafhECC23
209,Lovable Product Grove,Other,Active,Medium,,,,,In Progress,2025-03,Project imported from Lovable. Last activity: @squid
210,Sleek Navisphere 65 90 93,Other,Active,Medium,,,,,In Progress,2025-03,Project imported from Lovable. Last activity: @Mf3QfNZkR3OVBiyKGzIVnAFgSjp1
211,Stickman Style Swap,Other,Active,Medium,,,,,In Progress,2025-03,Project imported from Lovable. Last activity: @k0G6B5cx0pTTsyDONmX1HBsBASB3
212,Characterforge Imagix,Other,Active,Medium,,,,,In Progress,2025-03,Project imported from Lovable. Last activity: @NbgJX23vE7OqDkj8AyNQafhECC23
213,Indexia,Other,Active,Medium,,,,,In Progress,2025-03,Project imported from Lovable. Last activity: @dLxPg73j98cVjetCH4qIM4sIR1z1
214,Browser Pokebattle Adventure,Other,Active,Medium,,,,,In Progress,2025-03,Project imported from Lovable. Last activity: @5dIlRVQYKeUo0nsHQkjmqtCRkAC3
215,Sleekbloghaven,Other,Active,Medium,,,,,In Progress,2025-03,Project imported from Lovable. Last activity: @NbgJX23vE7OqDkj8AyNQafhECC23
216,Ai Fitmind Care,AI/ML,Active,Medium,,,,,In Progress,2025-03,Project imported from Lovable. Last activity: @7FVOR0kSz6RPXP1uNBrHQCBZC2t2
217,Bitboard,Other,Active,Medium,,,,,In Progress,2025-03,Project imported from Lovable. Last activity: @eml
218,Deepseekify,Other,Active,Medium,,,,,In Progress,2025-03,Project imported from Lovable. Last activity: @NbgJX23vE7OqDkj8AyNQafhECC23
219,Ai Medico,AI/ML,Active,Medium,,,,,In Progress,2025-03,Project imported from Lovable. Last activity: @s20wKVfkS9eRZNNRYjbcBZGJ7LD3
220,Mindful Self Quest,Other,Active,Medium,,,,,In Progress,2025-03,Project imported from Lovable. Last activity: @rx7RZ8j5UiPUvPOgHJnpiy20RYU2
221,Hero Optimizer Travel,Other,Active,Medium,,,,,In Progress,2025-03,Project imported from Lovable. Last activity: @harrymckayroper
222,Animus Code Echo,Other,Active,Medium,,,,,In Progress,2025-03,Project imported from Lovable. Last activity: @pKf3I3T2nCZqXo0n1qhXewJTt6I3
223,Ai Visionary Capture,AI/ML,Active,Medium,,,,,In Progress,2025-03,Project imported from Lovable. Last activity: @giebG4HIusa0YEgXtDC4JpvALnz1
224,Fork of rhymechain-landi...,AI/ML,Active,Medium,,,,,In Progress,2025-03,Project imported from Instant Data Scraper v0.csv
225,Fork of project-tracking...,Other,Active,Medium,,,,,In Progress,2025-03,Project imported from Instant Data Scraper v0.csv
226,Vite refactor and enhanc...,Other,Active,Medium,,,,,In Progress,2025-03,Project imported from Instant Data Scraper v0.csv
227,Vite refactor and enh...,Other,Active,Medium,,,,,In Progress,2025-03,Project imported from Instant Data Scraper v0.csv
228,New Project,Other,Active,Medium,,,,,In Progress,2025-03,Project imported from Instant Data Scraper v0.csv
229,Design with Inverse V...,Other,Active,Medium,,,,,In Progress,2025-03,Project imported from Instant Data Scraper v0.csv
230,aiftw saas ai chatbot...,AI/ML,Active,Medium,,,,,In Progress,2025-03,Project imported from Instant Data Scraper v0.csv
231,Merge chatbot landing pa...,AI/ML,Active,Medium,,,,,In Progress,2025-03,Project imported from Instant Data Scraper v0.csv
232,Chatbot selection analys...,AI/ML,Active,Medium,,,,,In Progress,2025-03,Project imported from Instant Data Scraper v0.csv
233,Frontend Development Pla...,Other,Active,Medium,,,,,In Progress,2025-03,Project imported from Instant Data Scraper v0.csv
234,Techbuzz Component Hub,Infrastructure,Active,Medium,,,,,In Progress,2025-03,Project imported from Lovable. Last activity: Unknown
235,Nft Runner Revolution,Web3/Blockchain,Active,Medium,,,,,In Progress,2025-03,Project imported from Lovable. Last activity: Unknown
236,Devstudio Connect,Other,Active,Medium,,,,,In Progress,2025-03,Project imported from Lovable. Last activity: Unknown
237,Lovable Sync Dashboard,Web Application,Active,Medium,,,,,In Progress,2025-03,Project imported from Lovable. Last activity: Unknown
238,Puffify Shop,Other,Active,Medium,,,,,In Progress,2025-03,Project imported from Lovable. Last activity: Unknown
239,Llm Comparo Analytics 60,AI/ML,Active,Medium,,,,,In Progress,2025-03,Project imported from Lovable. Last activity: Unknown
240,Dashboard SEO/SEA Pro avec IA & Blockchain,AI/ML,Active,Medium,,,,,In Progress,2025-03,Project imported from WebSim. Last activity: 3 days ago
241,Clickbait Generator and Domain Authority Tracker Clones,AI/ML,Active,Medium,,,,,In Progress,2025-03,Project imported from WebSim. Last activity: 86
242,DropshippingStore.net - Your Ultimate Dropshipping Resource,Other,Active,Medium,,,,,In Progress,2025-03,Project imported from WebSim. Last activity: 4 days ago
243,Professional Web Developer | SEO Specialist,Web Application,Active,Medium,,,,,In Progress,2025-03,Project imported from WebSim. Last activity: 7
244,"Conseils pour une Vie Saine - healthylivingadvices.com
    Avis sur les Produits de Beaut√© - beautyproductreviews.net
    L'IA pour les Entreprises - aiforbusinesses.org
    Tech Buzz In GA - techbuzzinga.com
    Guide du Dropshipping - dropshippingstore.net
    Actualit√©s IA - aiftw.net
    Affinit√© & Amour - affinitylove.eu",AI/ML,Active,Medium,,,,,In Progress,2025-03,Project imported from WebSim. Last activity: 5 days ago
245,FixieRun - Revolutionize Your Fitness with Blockchain Technology,AI/ML,Active,Medium,,,,,In Progress,2025-03,Project imported from WebSim. Last activity: 32
246,SEO Content Generation Platform,SEO,Active,Medium,,,,,In Progress,2025-03,Project imported from WebSim. Last activity: 6 days ago
247,Micro-SaaS pour le SEO et la SEA en 2025,SEO,Active,Medium,,,,,In Progress,2025-03,Project imported from WebSim. Last activity: 1
248,FixieRun - Transform Your Fitness Journey with Web3 Gaming,Web Application,Active,Medium,,,,,In Progress,2025-03,Project imported from WebSim. Last activity: 2
249,V√©rification des Domaines,AI/ML,Active,Medium,,,,,In Progress,2025-03,Project imported from WebSim. Last activity: 1 week ago
250,FixieRun - Activity Tracking,Other,Active,Medium,,,,,In Progress,2025-03,Project imported from WebSim. Last activity: Unknown
251,AI Creation Hub - AIFTW Chatbots,AI/ML,Active,Medium,,,,,In Progress,2025-03,Project imported from WebSim. Last activity: 1 week ago
252,Tableau de Bord des Projets,Other,Active,Medium,,,,,In Progress,2025-03,Project imported from WebSim. Last activity: Unknown
253,Enhanced UI,Other,Active,Medium,,,,,In Progress,2025-03,Project imported from WebSim. Last activity: 4 weeks ago
254,AI Chatbots Optimized Creation Engine,AI/ML,Active,Medium,,,,,In Progress,2025-03,Project imported from WebSim. Last activity: 547
255,RhymeChain - NFT Card Game,AI/ML,Active,Medium,,,,,In Progress,2025-03,Project imported from WebSim. Last activity: 1 month ago
256,RhymeChain - La r√©volution hip-hop blockchain,AI/ML,Active,Medium,,,,,In Progress,2025-03,Project imported from WebSim. Last activity: 2
257,AIFTW - Dashboard,AI/ML,Active,Medium,,,,,In Progress,2025-03,Project imported from WebSim. Last activity: 1 month ago
258,FixieRun - Revolutionizing Fitness with Blockchain Technology,AI/ML,Active,Medium,,,,,In Progress,2025-03,Project imported from WebSim. Last activity: 55
259,AntonyLambi - Innovative AI Solutions,AI/ML,Active,Medium,,,,,In Progress,2025-03,Project imported from WebSim. Last activity: 1 month ago
260,Construire des Relations Solides et Ma√Ætriser la Communication Efficace : Guide Complet,Other,Active,Medium,,,,,In Progress,2025-03,Project imported from WebSim. Last activity: Unknown
261,Server Management Dashboard,Web Application,Active,Medium,,,,,In Progress,2025-03,Project imported from WebSim. Last activity: Unknown
262,AIFTW - AI For The Win,AI/ML,Active,Medium,,,,,In Progress,2025-03,Project imported from WebSim. Last activity: 2 months ago
263,Guide pour d√©placer des fichiers vers /var/www/ en toute s√©curit√©,Other,Active,Medium,,,,,In Progress,2025-03,Project imported from WebSim. Last activity: Unknown
264,Dashboard Services | Li√®ge AI,AI/ML,Active,Medium,,,,,In Progress,2025-03,Project imported from WebSim. Last activity: 2 months ago
265,Bouncing Heart,Other,Active,Medium,,,,,In Progress,2025-03,Project imported from WebSim. Last activity: 29
266,AIFTW Platform - All Chatbots   -,AI/ML,Active,Medium,,,,,In Progress,2025-03,Project imported from WebSim. Last activity: 2 months ago
267,AIFTW - Analytics,AI/ML,Active,Medium,,,,,In Progress,2025-03,Project imported from WebSim. Last activity: 2
268,FixieRun - Web3 Fitness Gaming,Web Application,Active,Medium,,,,,In Progress,2025-03,Project imported from WebSim. Last activity: 23
269,FixieRun - Rejoignez la r√©volution du fitness gaming,Other,Active,Medium,,,,,In Progress,2025-03,Project imported from WebSim. Last activity: Unknown
270,Interactivity and Functionality Adjustment Guidance,Other,Active,Medium,,,,,In Progress,2025-03,Project imported from WebSim. Last activity: Unknown
271,Interactive Web Content,Web Application,Active,Medium,,,,,In Progress,2025-03,Project imported from WebSim. Last activity: Unknown
272,Automated Content Creation System,Other,Active,Medium,,,,,In Progress,2025-03,Project imported from WebSim. Last activity: 1
273,Cyberpunk NFT Marketplace,Web3/Blockchain,Active,Medium,,,,,In Progress,2025-03,Project imported from bolt.csv
274,Implement Performance Optimizations,Other,Active,Medium,,,,,In Progress,2025-03,Project imported from bolt.csv
275,"Project Structure with zkEVM Scroll, AI, and DevOps Integration",AI/ML,Active,Medium,,,,,In Progress,2025-03,Project imported from bolt.csv
276,Modern Development Workflow Setup,Other,Active,Medium,,,,,In Progress,2025-03,Project imported from bolt.csv
277,Modern AppBuilder AI Implementation,AI/ML,Active,Medium,,,,,In Progress,2025-03,Project imported from bolt.csv
278,https://bolt.new/p/39020098,Other,Active,Medium,,,,,In Progress,2025-03,Project imported from bolt (1).csv
279,https://bolt.new/p/38971021,Other,Active,Medium,,,,,In Progress,2025-03,Project imported from bolt (1).csv
280,https://bolt.new/p/35892284,Other,Active,Medium,,,,,In Progress,2025-03,Project imported from bolt (1).csv
281,https://bolt.new/p/35708401,Other,Active,Medium,,,,,In Progress,2025-03,Project imported from bolt (1).csv
282,https://bolt.new/p/33551412,Other,Active,Medium,,,,,In Progress,2025-03,Project imported from bolt (1).csv
283,https://bolt.new/p/36978758,Other,Active,Medium,,,,,In Progress,2025-03,Project imported from bolt (1).csv
284,https://bolt.new/p/38551126,Other,Active,Medium,,,,,In Progress,2025-03,Project imported from bolt (1).csv
285,https://bolt.new/p/37344196,Other,Active,Medium,,,,,In Progress,2025-03,Project imported from bolt (1).csv
286,https://bolt.new/p/41504999,Other,Active,Medium,,,,,In Progress,2025-03,Project imported from bolt (1).csv
287,https://bolt.new/p/41382612,Other,Active,Medium,,,,,In Progress,2025-03,Project imported from bolt (1).csv
288,https://bolt.new/p/41372262,Other,Active,Medium,,,,,In Progress,2025-03,Project imported from bolt (1).csv
289,https://bolt.new/p/41084222,Other,Active,Medium,,,,,In Progress,2025-03,Project imported from bolt (1).csv
290,https://bolt.new/p/41072646,Other,Active,Medium,,,,,In Progress,2025-03,Project imported from bolt (1).csv
291,https://bolt.new/p/40879477,Other,Active,Medium,,,,,In Progress,2025-03,Project imported from bolt (1).csv
292,https://bolt.new/p/39883435,Other,Active,Medium,,,,,In Progress,2025-03,Project imported from bolt (1).csv
293,https://bolt.new/p/39874638,Other,Active,Medium,,,,,In Progress,2025-03,Project imported from bolt (1).csv
294,https://bolt.new/p/37097429,Other,Active,Medium,,,,,In Progress,2025-03,Project imported from bolt (1).csv
295,https://bolt.new/p/36584033,Other,Active,Medium,,,,,In Progress,2025-03,Project imported from bolt (1).csv
296,https://bolt.new/p/36547221,Other,Active,Medium,,,,,In Progress,2025-03,Project imported from bolt (1).csv
297,https://bolt.new/p/35460947,Other,Active,Medium,,,,,In Progress,2025-03,Project imported from bolt (1).csv
298,https://bolt.new/p/33639274,Other,Active,Medium,,,,,In Progress,2025-03,Project imported from bolt (1).csv
299,Seo Sea Guru,SEO,Active,Medium,,,,,In Progress,2025-03,Project imported from Lovable. Last activity: about 19 hours ago
300,Seobiz Harmony,SEO,Active,Medium,,,,,In Progress,2025-03,Project imported from Lovable. Last activity: about 19 hours ago
301,Rhyme Battle Nft Collection,Web3/Blockchain,Active,Medium,,,,,In Progress,2025-03,Project imported from Lovable. Last activity: about 19 hours ago
302,Data Pioneer Api,Other,Active,Medium,,,,,In Progress,2025-03,Project imported from Lovable. Last activity: about 20 hours ago
303,Appforge Connector,Web Application,Active,Medium,,,,,In Progress,2025-03,Project imported from Lovable. Last activity: 2 days ago
304,Beauty Buzz Reviews,Other,Active,Medium,,,,,In Progress,2025-03,Project imported from Lovable. Last activity: 3 days ago
305,Profile Portal Breeze,Web Application,Active,Medium,,,,,In Progress,2025-03,Project imported from Lovable. Last activity: 4 days ago
306,Lovecompatibility Hub,Other,Active,Medium,,,,,In Progress,2025-03,Project imported from Lovable. Last activity: 4 days ago
307,Fixieverse Ride Nft,Web3/Blockchain,Active,Medium,,,,,In Progress,2025-03,Project imported from Lovable. Last activity: 4 days ago
308,Colors Without Blues,Other,Active,Medium,,,,,In Progress,2025-03,Project imported from Lovable. Last activity: 6 days ago
309,Happy Path Navigator,Web Application,Active,Medium,,,,,In Progress,2025-03,Project imported from Lovable. Last activity: 6 days ago
310,Creative Project Portal,Web Application,Active,Medium,,,,,In Progress,2025-03,Project imported from Lovable. Last activity: 6 days ago
311,Joyful Connector,Other,Active,Medium,,,,,In Progress,2025-03,Project imported from Lovable. Last activity: 6 days ago
312,Seo Magic Predictor,SEO,Active,Medium,,,,,In Progress,2025-03,Project imported from Lovable. Last activity: 7 days ago
313,Rhyme Verse Battle,Other,Active,Medium,,,,,In Progress,2025-03,Project imported from Lovable. Last activity: 7 days ago
314,Rhymechain Battlecards,AI/ML,Active,Medium,,,,,In Progress,2025-03,Project imported from Lovable. Last activity: 7 days ago
315,Onboarwallet,Other,Active,Medium,,,,,In Progress,2025-03,Project imported from Lovable. Last activity: 7 days ago
316,Friendly Importer 59,Other,Active,Medium,,,,,In Progress,2025-03,Project imported from Lovable. Last activity: 9 days ago
317,Ai Selection Hub 45,AI/ML,Active,Medium,,,,,In Progress,2025-03,Project imported from Lovable. Last activity: 10 days ago
318,Domain Deploy Factory,AI/ML,Active,Medium,,,,,In Progress,2025-03,Project imported from Lovable. Last activity: 10 days ago
319,Crypto Social Dashboard,Web Application,Active,Medium,,,,,In Progress,2025-03,Project imported from Lovable. Last activity: 10 days ago
320,Seo Analytics Oasis,SEO,Active,Medium,,,,,In Progress,2025-03,Project imported from Lovable. Last activity: 12 days ago
321,Syncverse Api,Other,Active,Medium,,,,,In Progress,2025-03,Project imported from Lovable. Last activity: 12 days ago
322,Task Navigator Hub,Other,Active,Medium,,,,,In Progress,2025-03,Project imported from Lovable. Last activity: 23 days ago
323,Modular Analytics Hub,SEO,Active,Medium,,,,,In Progress,2025-03,Project imported from Lovable. Last activity: 30 days ago
324,Devstudio Dashboard,Web Application,Active,Medium,,,,,In Progress,2025-03,Project imported from Lovable. Last activity: about 1 month ago
325,Dashboard Fusion Meter,Web Application,Active,Medium,,,,,In Progress,2025-03,Project imported from Lovable. Last activity: about 1 month ago
326,Interactify Sentinel,Other,Active,Medium,,,,,In Progress,2025-03,Project imported from Lovable. Last activity: about 1 month ago
327,Next Auto Poster,Other,Active,Medium,,,,,In Progress,2025-03,Project imported from Lovable. Last activity: about 1 month ago
328,Rhyme Battle Chain,AI/ML,Active,Medium,,,,,In Progress,2025-03,Project imported from Lovable. Last activity: about 1 month ago
329,Fixie Screenshot Simulator,Other,Active,Medium,,,,,In Progress,2025-03,Project imported from Lovable. Last activity: about 1 month ago
330,Ai Blockchain Workflow,AI/ML,Active,Medium,,,,,In Progress,2025-03,Project imported from Lovable. Last activity: about 1 month ago
331,Pedalplayground,Other,Active,Medium,,,,,In Progress,2025-03,Project imported from Lovable. Last activity: about 2 months ago
332,Llm Collection Catalog,AI/ML,Active,Medium,,,,,In Progress,2025-03,Project imported from Lovable. Last activity: about 2 months ago
333,Wp Harmony Manager,Other,Active,Medium,,,,,In Progress,2025-03,Project imported from Lovable. Last activity: about 2 months ago
334,Fixierun Rewards Cycling,Other,Active,Medium,,,,,In Progress,2025-03,Project imported from Lovable. Last activity: about 2 months ago
335,Llm Comparo Analytics 16,AI/ML,Active,Medium,,,,,In Progress,2025-03,Project imported from Lovable. Last activity: about 2 months ago
336,Bike Highlight Animator,Other,Active,Medium,,,,,In Progress,2025-03,Project imported from Lovable. Last activity: about 2 months ago
337,Taishi Xp,AI/ML,Active,Medium,,,,,In Progress,2025-03,Project imported from Lovable. Last activity: @yrxRTWSPJWWWqe9l8pcTIKAwzW92
338,Kharmigo Vibes,Other,Active,Medium,,,,,In Progress,2025-03,Project imported from Lovable. Last activity: @karmigojones
339,Pickmybrain,AI/ML,Active,Medium,,,,,In Progress,2025-03,Project imported from Lovable. Last activity: @anandvijayaragav
340,Prompt Enhancer Grove,Other,Active,Medium,,,,,In Progress,2025-03,Project imported from Lovable. Last activity: @mr4zCt05mleEJETsn7ru8iSMpLy2
341,Sunmoon Tracker,Other,Active,Medium,,,,,In Progress,2025-03,Project imported from Lovable. Last activity: @gCPHxuzfAvXDhociQqFRvqR6Lmi2
342,M 4890,Other,Active,Medium,,,,,In Progress,2025-03,Project imported from Lovable. Last activity: @JpAL4iK9SefUnkAP6kc681lDPgl1
343,Myroom 2024,Other,Active,Medium,,,,,In Progress,2025-03,Project imported from Lovable. Last activity: @6bhYo80TmcOp3ZtlrbUmT3gHCgm1
344,Shape Dance Party,Other,Active,Medium,,,,,In Progress,2025-03,Project imported from Lovable. Last activity: @ivansi
345,Draw To 3D,Other,Active,Medium,,,,,In Progress,2025-03,Project imported from Lovable. Last activity: @kzolozhkov
346,Habitflow,Other,Active,Medium,,,,,In Progress,2025-03,Project imported from Lovable. Last activity: @wgqlmOLsgdQGRRVHK6z1IL2RWVa2
347,Speech To Lovable,Other,Active,Medium,,,,,In Progress,2025-03,Project imported from Lovable. Last activity: @psykhi
348,Ai Debate,AI/ML,Active,Medium,,,,,In Progress,2025-03,Project imported from Lovable. Last activity: @unrrWktDdPc1qu2JnAyI914IKLk1
349,Retro Bounce Scorekeeper,Other,Active,Medium,,,,,In Progress,2025-03,Project imported from Lovable. Last activity: @zJQ04tL9YKTWmAD9PaqWcFfS6vv1
350,Three Doomscape,Other,Active,Medium,,,,,In Progress,2025-03,Project imported from Lovable. Last activity: @psykhi
351,Chill Guy Meme Creator 2,Tools,Active,Medium,,,,,In Progress,2025-03,Project imported from Lovable. Last activity: @p9gXiEmTCWf0NZIENH8cJRxq7sz1
352,Fleetvision Dashboard,Web Application,Active,Medium,,,,,In Progress,2025-03,Project imported from Lovable. Last activity: @vyhSSF3xvbXFtGadyuYSGQMcdUs2
353,Cryptocurrency Trading Dashboard,Web Application,Active,Medium,,,,,In Progress,2025-03,Project imported from Lovable. Last activity: @henrik
354,Pdf,Other,Active,Medium,,,,,In Progress,2025-03,Project imported from Lovable. Last activity: @niklasvatn
355,Wiktok,Other,Active,Medium,,,,,In Progress,2025-03,Project imported from Lovable. Last activity: @psykhi
356,Billify Generator,Tools,Active,Medium,,,,,In Progress,2025-03,Project imported from Lovable. Last activity: @uh1IcIbG3nMt8Ym2R8ib11ArRgr1
357,Idea2Prompt,Other,Active,Medium,,,,,In Progress,2025-03,Project imported from Lovable. Last activity: @henrik
358,30Daysoflovable,Other,Active,Medium,,,,,In Progress,2025-03,Project imported from Lovable. Last activity: @psykhi
359,Claudegpt,AI/ML,Active,Medium,,,,,In Progress,2025-03,Project imported from Lovable. Last activity: @henrik
360,Project Dashboard Gleam,Web Application,Active,Medium,,,,,In Progress,2025-03,Project imported from Lovable. Last activity: about 2 months ago
361,Harmonic Wave Engine,Other,Active,Medium,,,,,In Progress,2025-03,Project imported from Lovable. Last activity: about 2 months ago
362,Beat Craft Studio,Other,Active,Medium,,,,,In Progress,2025-03,Project imported from Lovable. Last activity: about 2 months ago
363,Mixmaster Harmony,Other,Active,Medium,,,,,In Progress,2025-03,Project imported from Lovable. Last activity: about 2 months ago
364,Vinyl Wave Engine,Other,Active,Medium,,,,,In Progress,2025-03,Project imported from Lovable. Last activity: about 2 months ago
365,Audio Mix Symphony,Other,Active,Medium,,,,,In Progress,2025-03,Project imported from Lovable. Last activity: about 2 months ago
366,Mixmaster Innovate,Other,Active,Medium,,,,,In Progress,2025-03,Project imported from Lovable. Last activity: about 2 months ago
367,Vinyl Mix Lab,Other,Active,Medium,,,,,In Progress,2025-03,Project imported from Lovable. Last activity: about 2 months ago
368,Wordsmith Wizard,Other,Active,Medium,,,,,In Progress,2025-03,Project imported from Lovable. Last activity: 2 months ago
369,Wp Deployment Maestro,DevOps,Active,Medium,,,,,In Progress,2025-03,Project imported from Lovable. Last activity: 2 months ago
370,Friendly Bot Squad,Other,Active,Medium,,,,,In Progress,2025-03,Project imported from Lovable. Last activity: 2 months ago
371,C 2530,Other,Active,Medium,,,,,In Progress,2025-03,Project imported from Lovable. Last activity: 2 months ago
372,M 1574,Other,Active,Medium,,,,,In Progress,2025-03,Project imported from Lovable. Last activity: 2 months ago
373,Chatbot Backend Hub,AI/ML,Active,Medium,,,,,In Progress,2025-03,Project imported from Lovable. Last activity: 2 months ago
374,Web3 Interaction Hub,Web Application,Active,Medium,,,,,In Progress,2025-03,Project imported from Lovable. Last activity: 2 months ago
375,Meta Prompt Squads,Other,Active,Medium,,,,,In Progress,2025-03,Project imported from Lovable. Last activity: 2 months ago
376,Playful Web Interface,Web Application,Active,Medium,,,,,In Progress,2025-03,Project imported from Lovable. Last activity: 3 months ago
377,Ai Dapp Factory,AI/ML,Active,Medium,,,,,In Progress,2025-03,Project imported from Lovable. Last activity: 3 months ago
378,Likeable,Other,Active,Medium,,,,,In Progress,2025-03,Project imported from Lovable. Last activity: @henrik
379,Ai Website Redesigner,AI/ML,Active,Medium,,,,,In Progress,2025-03,Project imported from Lovable. Last activity: @henrik
380,Bill Splitter Jy,Other,Active,Medium,,,,,In Progress,2025-03,Project imported from Lovable. Last activity: @4jqj7i7solVQAqZlbhzRW2RIsZ42
381,Physics Simulator Playground,Other,Active,Medium,,,,,In Progress,2025-03,Project imported from Lovable. Last activity: @antonosika
382,Dark Tetris Dreamscape 80,Other,Active,Medium,,,,,In Progress,2025-03,Project imported from Lovable. Last activity: @Pftl26OUFYd5eHbDsG6SWHfnjM62
383,Qr Code Generator,Tools,Active,Medium,,,,,In Progress,2025-03,Project imported from Lovable. Last activity: @psykhi
384,Gradient Magic Tool,Tools,Active,Medium,,,,,In Progress,2025-03,Project imported from Lovable. Last activity: @blixt
385,Clientlark Portal,Web Application,Active,Medium,,,,,In Progress,2025-03,Project imported from Lovable. Last activity: @antonosika
386,Story Hunter,Other,Active,Medium,,,,,In Progress,2025-03,Project imported from Lovable. Last activity: @kristian
387,Revenue Cost Visualizer,Other,Active,Medium,,,,,In Progress,2025-03,Project imported from Lovable. Last activity: @antonosika
388,Crypto Glance Haven,Web3/Blockchain,Active,Medium,,,,,In Progress,2025-03,Project imported from Lovable. Last activity: @kristian
389,Mondrian Paint,AI/ML,Active,Medium,,,,,In Progress,2025-03,Project imported from Lovable. Last activity: @nad
390,Modern Crypto Explorer,Web3/Blockchain,Active,Medium,,,,,In Progress,2025-03,Project imported from Lovable. Last activity: @katrin
391,Dapp Creator Assistant,Web Application,Active,Medium,,,,,In Progress,2025-03,Project imported from Lovable. Last activity: 3 months ago
392,Futuristic Landing Fusion,Web Application,Active,Medium,,,,,In Progress,2025-03,Project imported from Lovable. Last activity: 3 months ago
393,Cost Clone Creator,Tools,Active,Medium,,,,,In Progress,2025-03,Project imported from Lovable. Last activity: 3 months ago
394,Chatbot Squadron,AI/ML,Active,Medium,,,,,In Progress,2025-03,Project imported from Lovable. Last activity: 3 months ago
395,S 4386,Other,Active,Medium,,,,,In Progress,2025-03,Project imported from Lovable. Last activity: 3 months ago
396,G√©n√©rateur d'Opportunit√©s Business en Ligne,Other,Active,Medium,,,,,In Progress,2025-03,Project imported from WebSim. Last activity: 17 hours ago
397,LLM Comparator,AI/ML,Active,Medium,,,,,In Progress,2025-03,Project imported from WebSim. Last activity: 1 day ago
398,G√©n√©rateur de Patron de Couture/Broderie,Other,Active,Medium,,,,,In Progress,2025-03,Project imported from WebSim. Last activity: 1 day ago
399,Beauty Product Reviews - Expert Analysis & Trusted Recommendations,Other,Active,Medium,,,,,In Progress,2025-03,Project imported from WebSim. Last activity: 2 days ago
400,FixieRun - Earn NFTs While Running,Web3/Blockchain,Active,Medium,,,,,In Progress,2025-03,Project imported from WebSim. Last activity: 3 days ago
401,FixieRun-web3-zkEVM,Web Application,Active,Medium,,,,,In Progress,2025-03,Project imported from WebSim. Last activity: 3 days ago
402,Artificielle Intelligence Hub,AI/ML,Active,Medium,,,,,In Progress,2025-03,Project imported from WebSim. Last activity: 6 days ago
403,AI Code Generator,AI/ML,Active,Medium,,,,,In Progress,2025-03,Project imported from WebSim. Last activity: 6 days ago
404,DevStudio Pro Dashboard,Web Application,Active,Medium,,,,,In Progress,2025-03,Project imported from WebSim. Last activity: 1 week ago
405,HTML Site Analysis Report,AI/ML,Active,Medium,,,,,In Progress,2025-03,Project imported from WebSim. Last activity: 1 week ago
406,RhymeChain - French Hip-Hop NFT Card Game,AI/ML,Active,Medium,,,,,In Progress,2025-03,Project imported from WebSim. Last activity: 1 week ago
407,FixieRun - Revolutionizing Fitness with Scroll zkEVM,Other,Active,Medium,,,,,In Progress,2025-03,Project imported from WebSim. Last activity: 1 week ago
408,Rapport d'Analyse de Sites HTML - Perspectives Approfondies,AI/ML,Active,Medium,,,,,In Progress,2025-03,Project imported from WebSim. Last activity: 1 week ago
409,RhymeChain - Jeu de Cartes NFT Hip-Hop Fran√ßais | Blockchain Gaming,AI/ML,Active,Medium,,,,,In Progress,2025-03,Project imported from WebSim. Last activity: 1 week ago
410,Activity Report,Analytics,Active,Medium,,,,,In Progress,2025-03,Project imported from WebSim. Last activity: 1 week ago
411,Aut0-P0st - L'IA qui multiplie votre audience sociale sans effort,Other,Active,Medium,,,,,In Progress,2025-03,Project imported from WebSim. Last activity: 1 week ago
412,FixieRun Squads,Other,Active,Medium,,,,,In Progress,2025-03,Project imported from WebSim. Last activity: 2 weeks ago
413,RhymeChain: Hip-Hop Meets Blockchain Gaming,AI/ML,Active,Medium,,,,,In Progress,2025-03,Project imported from WebSim. Last activity: 2 weeks ago
414,Project Gallery,Other,Active,Medium,,,,,In Progress,2025-03,Project imported from WebSim. Last activity: 3 weeks ago
415,Modern React Starter Template,Infrastructure,Active,Medium,,,,,In Progress,2025-03,Project imported from WebSim. Last activity: 3 weeks ago
416,AIFTW - Chatbots,AI/ML,Active,Medium,,,,,In Progress,2025-03,Project imported from WebSim. Last activity: 1 month ago
417,AIFTW - Accelerating Innovation,AI/ML,Active,Medium,,,,,In Progress,2025-03,Project imported from WebSim. Last activity: 1 month ago
418,Chatbots Page,AI/ML,Active,Medium,,,,,In Progress,2025-03,Project imported from WebSim. Last activity: 1 month ago
419,FIXIE Token Economy,Web3/Blockchain,Active,Medium,,,,,In Progress,2025-03,Project imported from WebSim. Last activity: 1 month ago
420,DreamTech AI - All Tools,AI/ML,Active,Medium,,,,,In Progress,2025-03,Project imported from WebSim. Last activity: 1 month ago
421,Interactive Playground,Other,Active,Medium,,,,,In Progress,2025-03,Project imported from WebSim. Last activity: 1 month ago
422,Guide d'Installation du Serveur Poe,Other,Active,Medium,,,,,In Progress,2025-03,Project imported from WebSim. Last activity: 1 month ago
423,Enhanced Style,Other,Active,Medium,,,,,In Progress,2025-03,Project imported from WebSim. Last activity: 2 months ago
424,Dashboard | AIFTW,AI/ML,Active,Medium,,,,,In Progress,2025-03,Project imported from WebSim. Last activity: 2 months ago
425,Fixie.run Lite Paper,Other,Active,Medium,,,,,In Progress,2025-03,Project imported from WebSim. Last activity: 2 months ago
426,Lovable Projects Dashboard,Web Application,Active,Medium,,,,,In Progress,2025-03,Project imported from WebSim. Last activity: 2 months ago
427,Fitness Counter Hub,Other,Active,Medium,,,,,In Progress,2025-03,Project imported from WebSim. Last activity: 2 months ago
428,FixieRun - The Future of Fitness Gaming,Other,Active,Medium,,,,,In Progress,2025-03,Project imported from WebSim. Last activity: 2 months ago
429,Micro-SaaS 2025,SaaS,Active,Medium,,,,,In Progress,2025-03,Project imported from WebSim. Last activity: 2 months ago
430,Outils d'Analyse SEO et Marketing Digital,SEO,Active,Medium,,,,,In Progress,2025-03,Project imported from WebSim. Last activity: 2 months ago
431,Base Href Explanation,Other,Active,Medium,,,,,In Progress,2025-03,Project imported from WebSim. Last activity: 3 months ago
432,BikePark Mobile,Other,Active,Medium,,,,,In Progress,2025-03,Project imported from WebSim. Last activity: 3 months ago
433,Structure Technique des Outils AI,AI/ML,Active,Medium,,,,,In Progress,2025-03,Project imported from WebSim. Last activity: 3 months ago
434,AI-Powered Chatbots for Your Business,AI/ML,Active,Medium,,,,,In Progress,2025-03,Project imported from WebSim. Last activity: 3 months ago
