"backdrop-blur-sm","flex href","block src","text-md","flex","flex 2","flex href 2","text-md 2","flex 3","flex 4","block src 2","flex 5","flex href 3","text-md 3","flex 6","flex 7","flex 8","flex href 4","block src 3","text-md 4","flex 9","flex href 5","block src 4","text-md 5","flex 11","flex 12","flex href 6","block src 5","text-md 6","flex 13"
"March 1, 2025","https://websim.ai/@tehen/techbuzzinga-l-actualit-tech-la-pointe/","https://websim.ai/api/v1/projects/4wcbss7f47ch_4r1xhfc/revisions/8/thumbnail","TechBuzzinga - L'actualitÃ© tech Ã  la pointe","126","6 days ago","https://websim.ai/p/rsonjulvrq7tu4snwozp/1","Untitled","0","6 days ago","","","","","","","","","","","","","","","","","","","",""
"February 28, 2025","https://websim.ai/@tehen/rhymechain-next-gen-hip-hop-gaming-on-blockchain/","https://websim.ai/api/v1/projects/xkj53vl36xsgqgvue2ed/revisions/2/thumbnail","RhymeChain | Next-Gen Hip-Hop Gaming on Blockchain","1","1 week ago","https://websim.ai/@tehen/fixierun-fitness-assistant/","FixieRun Fitness Assistant","19","1 week ago","https://websim.ai/api/v1/projects/982yker05bvfs45v11et/revisions/1/thumbnail","2","","","","","","","","","","","","","","","","","",""
"February 27, 2025","https://websim.ai/@tehen/fitness-tracker-hub/","https://websim.ai/api/v1/projects/jiwy8atn32h7h_bvowdu/revisions/7/thumbnail","Fitness Tracker Hub","44","1 week ago","https://websim.ai/@tehen/beauty-product-reviews-d-couvrez-les-meilleurs-pro/","Beauty Product Reviews - DÃ©couvrez les Meilleurs Produits de BeautÃ©","2","1 week ago","https://websim.ai/api/v1/projects/rkyo379y5_98g7z6cyjc/revisions/1/thumbnail","","","","","","","","","","","","","","","","","","",""
"February 26, 2025","https://websim.ai/@tehen/fixie-run-fixed-gear-nft-web3-fitapp/","https://websim.ai/api/v1/projects/ty3hx60v5d1l7npwmlrc/revisions/3/thumbnail","Fixie.run - Fixed Gear NFT Web3 FitApp","1","1 week ago","https://websim.ai/@tehen/antony-lambinon-blockchain-web-developer-12/","Antony Lambinon - Blockchain & Web Developer","17","1 week ago","https://websim.ai/api/v1/projects/p_rdb8bik3nzh5jbnn42/revisions/7/thumbnail","13","https://websim.ai/@tehen/ai-for-businesses-votre-ressource-incontournable-p/","AI for Businesses - Votre ressource incontournable pour l'IA en entreprise","1","60","1 week ago","https://websim.ai/@tehen/websim-discussion/","https://websim.ai/api/v1/projects/uhht8ziu48_4u5gbobtt/revisions/1/thumbnail","WebSim Discussion","2","https://websim.ai/@tehen/seobiz-expert-seo-en-belgique/","https://websim.ai/api/v1/projects/_awe6199f2i3vhrbaxnd/revisions/5/thumbnail","SEOBiz | Expert SEO en Belgique","24","1 week ago","https://websim.ai/@tehen/construire-des-relations-solides-et-communiquer-ef/","https://websim.ai/api/v1/projects/ohmn89k3k816bunxng_d/revisions/1/thumbnail","Construire des Relations Solides et Communiquer Efficacement","23"
"February 24, 2025","https://websim.ai/@tehen/rhymechain-the-future-of-hip-hop-gaming/","https://websim.ai/api/v1/projects/6yzog2vhcwngao6kghy0/revisions/4/thumbnail","RhymeChain: The Future of Hip-Hop Gaming","69","1 week ago","https://websim.ai/@tehen/advanced-html-site-analysis-report-deep-insights/","Advanced HTML Site Analysis Report - Deep Insights","18","1 week ago","https://websim.ai/api/v1/projects/acu8a5qdikxdp8gh5cps/revisions/1/thumbnail","30","https://websim.ai/@tehen/antony-lambinon-blockchain-web-developer-13/","Antony Lambinon - Blockchain & Web Developer","6","0","1 week ago","https://websim.ai/@tehen/antony-lambinon-seo-blockchain-developer-with-ai-e/","https://websim.ai/api/v1/projects/ujllopxkl05uj0j9q7zb/revisions/2/thumbnail","Antony Lambinon - SEO & Blockchain Developer with AI Expertise for SME Process Optimization","9","https://websim.ai/@tehen/enhanced-wp-cli-deployment-interface-4/","https://websim.ai/api/v1/projects/or8bgar5dl04hovgr3f5/revisions/1/thumbnail","Enhanced WP-CLI Deployment Interface","","1 week ago","https://websim.ai/@tehen/seobiz-expert-seo-en-belgique-2/","https://websim.ai/api/v1/projects/jqxrgmzbhlweb308eh8q/revisions/1/thumbnail","SEOBiz | Expert SEO en Belgique",""
"February 23, 2025","https://websim.ai/@tehen/beauty-product-reviews-home/","https://websim.ai/api/v1/projects/uhshkmozb9l1m1y0ctdm/revisions/1/thumbnail","Beauty Product Reviews - Home","6","1 week ago","https://websim.ai/@tehen/cryptostocksinsider-net/","cryptostocksinsider.net","1","1 week ago","https://websim.ai/api/v1/projects/pnt28x5acb25h2b9pqkp/revisions/2/thumbnail","14","https://websim.ai/@tehen/dj-interface/","DJ Interface","9","21","1 week ago","https://websim.ai/@tehen/seo-content-generation-platform-admin-dashboard/","https://websim.ai/api/v1/projects/1gy4fdgg831uz7c_46qs/revisions/3/thumbnail","SEO Content Generation Platform - Admin Dashboard","0","https://websim.ai/@tehen/enhanced-wp-cli-deployment-interface-3/","https://websim.ai/api/v1/projects/8z_9_s9te0jroac7pul2/revisions/2/thumbnail","Enhanced WP-CLI Deployment Interface","3","1 week ago","https://websim.ai/@tehen/rhymechain-nft-card-game/","https://websim.ai/api/v1/projects/90zw3ot9yz9o_yud4mfc/revisions/1/thumbnail","RhymeChain â€“ NFT Card Game",""
"February 23, 2025","https://websim.ai/@tehen/beauty-product-reviews-home/","https://websim.ai/api/v1/projects/uhshkmozb9l1m1y0ctdm/revisions/1/thumbnail","Beauty Product Reviews - Home","6","1 week ago","https://websim.ai/@tehen/cryptostocksinsider-net/","cryptostocksinsider.net","1","1 week ago","https://websim.ai/api/v1/projects/pnt28x5acb25h2b9pqkp/revisions/2/thumbnail","14","https://websim.ai/@tehen/dj-interface/","DJ Interface","9","21","1 week ago","https://websim.ai/@tehen/seo-content-generation-platform-admin-dashboard/","https://websim.ai/api/v1/projects/1gy4fdgg831uz7c_46qs/revisions/3/thumbnail","SEO Content Generation Platform - Admin Dashboard","0","https://websim.ai/@tehen/enhanced-wp-cli-deployment-interface-3/","https://websim.ai/api/v1/projects/8z_9_s9te0jroac7pul2/revisions/2/thumbnail","Enhanced WP-CLI Deployment Interface","3","1 week ago","https://websim.ai/@tehen/rhymechain-nft-card-game/","https://websim.ai/api/v1/projects/90zw3ot9yz9o_yud4mfc/revisions/1/thumbnail","RhymeChain â€“ NFT Card Game","0"
"January 28, 2025","https://websim.ai/@tehen/aiftw-advanced-intelligence-for-tomorrow-s-world/","https://websim.ai/api/v1/projects/fhvq7cbmfjb858rvyr43/revisions/3/thumbnail","AIFTW - Advanced Intelligence For Tomorrow's World","12","1 month ago","","","","","","","","","","","","","","","","","","","","","","","",""
"January 25, 2025","https://websim.ai/@tehen/notre-quipe-fixierun/","https://websim.ai/api/v1/projects/z3_gs5w4klztqu1rm33y/revisions/1/thumbnail","Notre Ã‰quipe - FixieRun","1","1 month ago","","","","","","","","","","","","","","","","","","","","","","","",""
"January 23, 2025","https://websim.ai/@tehen/hercule-mk200-system-architecture-visualization/","https://websim.ai/api/v1/projects/uj91mmic8fix0i5mrvc8/revisions/15/thumbnail","ðŸŽ§ Hercule MK200 System Architecture Visualization","31","1 month ago","https://websim.ai/@tehen/antony-lambinon-blockchain-web-developer-9/","Antony Lambinon - Blockchain & Web Developer","23","1 month ago","https://websim.ai/api/v1/projects/xe0ke3lvbk_galz6204n/revisions/16/thumbnail","","","","","","","","","","","","","","","","","","",""
"January 8, 2025","https://websim.ai/@tehen/vapes-e-commerce-platform/","https://websim.ai/api/v1/projects/w_g79okf30neo8jjpjeb/revisions/6/thumbnail","VAPES E-commerce Platform","10","1 month ago","https://websim.ai/@tehen/dj-studio-pro/","DJ Studio Pro","25","1 month ago","https://websim.ai/api/v1/projects/x_vo1jxcaj965xln7szr/revisions/11/thumbnail","3","https://websim.ai/@tehen/websim-dj/","WebSim DJ","0","0","1 month ago","https://websim.ai/p/p2mvd1o0i_fagasjz35q/1","https://websim.ai/api/v1/projects/4vm7vzh0534x27ykay92/revisions/2/thumbnail","Untitled","3","https://websim.ai/p/cz0hj1aqvlxxewvk3gmi/1","https://websim.ai/api/v1/projects/trgcg_aijibr_x57zcda/revisions/1/thumbnail","Untitled","0","1 month ago","https://websim.ai/@tehen/antony-lambinon-blockchain-web-developer-10/","https://websim.ai/api/v1/projects/ak_exfno21cqh8a79fjq/revisions/1/thumbnail","Antony Lambinon - Blockchain & Web Developer","0"
"December 31, 2024","https://websim.ai/@tehen/welcome-to-fixienftrun-collect-customize-and-race-/","https://websim.ai/api/v1/projects/6ovxnn5_n32_wdjtcypu/revisions/2/thumbnail","Welcome to FixieNFTRun Collect, customize, and race unique fixie bikes in the ultimate NFT cycling experience!","1","2 months ago","https://websim.ai/@tehen/portfolio-websim-projets-web3-blockchain-5/","Portfolio WebSim - Projets Web3 & Blockchain","13","2 months ago","https://websim.ai/api/v1/projects/03f9t56t66baj39935b2/revisions/1/thumbnail","5","https://websim.ai/@tehen/fixierun-rejoignez-la-r-volution-du-fitness-web3/","FixieRun - Rejoignez la RÃ©volution du Fitness Web3","3","1","2 months ago","https://websim.ai/@tehen/portfolio-websim-projets-web3-blockchain-4/","https://websim.ai/api/v1/projects/ae1fnvf_3xh4jok6i_eu/revisions/3/thumbnail","Portfolio WebSim - Projets Web3 & Blockchain","2","https://websim.ai/@tehen/portfolio-websim-projets-web3-blockchain-3/","https://websim.ai/api/v1/projects/euitklw980ja7qiho63w/revisions/1/thumbnail","Portfolio WebSim - Projets Web3 & Blockchain","1","2 months ago","https://websim.ai/@tehen/portfolio-websim-projets-web3-blockchain-2/","https://websim.ai/api/v1/projects/hvol3lm7q4euv58rd0pp/revisions/1/thumbnail","Portfolio WebSim - Projets Web3 & Blockchain","2"
"December 24, 2024","https://websim.ai/p/_vn42xqrcczwzmh1k4ut/1","https://websim.ai/api/v1/projects/_vn42xqrcczwzmh1k4ut/revisions/1/thumbnail","Untitled","0","2 months ago","","","","","","","","","","","","","","","","","","","","","","","",""
"December 22, 2024","https://websim.ai/@tehen/antony-lambinon-blockchain-web-developer-7/","https://websim.ai/api/v1/projects/m5pgokz23drs052qw9u1/revisions/9/thumbnail","Antony Lambinon - Blockchain & Web Developer","34","2 months ago","","","","","","","","","","","","","","","","","","","","","","","",""
"December 21, 2024","https://websim.ai/@tehen/fixierun-fitness-gaming-nft-gagnez-des-r-compenses/","https://websim.ai/api/v1/projects/4kpa3zvke6gq5d2llsui/revisions/2/thumbnail","FixieRun | Fitness Gaming NFT - Gagnez des RÃ©compenses en PÃ©dalant","3","2 months ago","https://websim.ai/@tehen/fixierun/","FixieRun","1","2 months ago","https://websim.ai/api/v1/projects/a9w4az8s_o0hanq61arf/revisions/1/thumbnail","","","","","","","","","","","","","","","","","","",""
"December 16, 2024","https://websim.ai/@tehen/fixierun-l-avenir-du-fitness-gaming/","https://websim.ai/api/v1/projects/136h_yz42n45ob95lii2/revisions/11/thumbnail","FixieRun - L'Avenir du Fitness Gaming","14","2 months ago","","","","","","","","","","","","","","","","","","","","","","","",""
"December 13, 2024","https://websim.ai/@tehen/antony-lambinon-blockchain-web-developer-6/","https://websim.ai/api/v1/projects/57rvtzf91u12zdiv7y3l/revisions/1/thumbnail","Antony Lambinon - Blockchain & Web Developer","10","2 months ago","https://websim.ai/@tehen/antony-lambinon-blockchain-web-developer-8/","Antony Lambinon - Blockchain & Web Developer","0","2 months ago","https://websim.ai/api/v1/projects/sq2xuhsa2bmdr53dwedj/revisions/1/thumbnail","4","https://websim.ai/@tehen/antony-lambinon-blockchain-web-developer-5/","Antony Lambinon - Blockchain & Web Developer","6","6","2 months ago","https://websim.ai/@tehen/antony-lambinon-d-veloppeur-blockchain-web/","https://websim.ai/api/v1/projects/thssao7amftj8om6ga0q/revisions/1/thumbnail","Antony Lambinon - DÃ©veloppeur Blockchain & Web","4","https://websim.ai/@tehen/antony-lambinon-blockchain-web-developer-4/","https://websim.ai/api/v1/projects/z7u6dgq_dh6_a7pg_t6f/revisions/1/thumbnail","Antony Lambinon - Blockchain & Web Developer","1","2 months ago","https://websim.ai/@tehen/interactive-svg-playground/","https://websim.ai/api/v1/projects/iuwktxucy39hut7fzu_z/revisions/1/thumbnail","Interactive SVG Playground","2"
"December 11, 2024","https://websim.ai/@tehen/enhanced-wp-cli-deployment-interface-2/","https://websim.ai/api/v1/projects/cj45ms8gulo5w1vseobn/revisions/1/thumbnail","Enhanced WP-CLI Deployment Interface","6","2 months ago","https://websim.ai/@tehen/enhanced-wp-cli-deployment-interface/","Enhanced WP-CLI Deployment Interface","0","2 months ago","https://websim.ai/api/v1/projects/ya6mdgkektcgw3zzic32/revisions/1/thumbnail","","","","","","","","","","","","","","","","","","",""
"November 27, 2024","https://websim.ai/@tehen/interactive-turntable-and-visualizer/","https://websim.ai/api/v1/projects/jmscycmqf45b8pft9dzi/revisions/1/thumbnail","Interactive Turntable and Visualizer","1","3 months ago","https://websim.ai/@tehen/mystical-tarot-card-generator/","Mystical Tarot Card Generator","0","3 months ago","https://websim.ai/api/v1/projects/v53i11tlqt7d_frubue5/revisions/1/thumbnail","1","https://websim.ai/@tehen/smart-contract-explorer/","Smart Contract Explorer","1","110","3 months ago","https://websim.ai/@tehen/cryptofit-futuristic-fitness-tracking/","https://websim.ai/api/v1/projects/vlyeuz7h_yt2hx0saliy/revisions/1/thumbnail","CryptoFit - Futuristic Fitness Tracking","","","https://websim.ai/api/v1/projects/gdg1n3194v45a06ted2h/revisions/41/thumbnail","","","","","","",""
"November 18, 2024","https://websim.ai/@tehen/aiftw-chatbot-dashboard-2/","https://websim.ai/api/v1/projects/xep_092txwu1wagh3mcx/revisions/1/thumbnail","AIFTW Chatbot Dashboard","11","3 months ago","","","","","","","","","","","","","","","","","","","","","","","",""
"November 16, 2024","https://websim.ai/@tehen/fixierun-ride-earn-and-collect-unique-nft-bikes-pl/","https://websim.ai/api/v1/projects/tal72ncdux9xnhzjd6wv/revisions/1/thumbnail","FixieRun: Ride, Earn, and Collect Unique NFT Bikes | Play-to-Earn Cycling Game","1","3 months ago","","","","","","","","","","","","","","","","","","","","","","","",""
"November 15, 2024","https://websim.ai/@tehen/fixierun-ride-earn-and-collect-unique-nft-bikes/","","FixieRun - Ride, Earn, and Collect Unique NFT Bikes","19","3 months ago","","","","","","","","","","","","","","","","","","","","","","","",""