"backdrop-blur-sm","relative href","block src","text-md","flex","flex 2","relative href 2","block src 2","text-md 2","flex 3","flex 4","relative href 3","block src 3","text-md 3","flex 5","flex 6","relative href 4","block src 4","text-md 4","flex 7","flex 8","flex 9","flex 11"
"Today","https://websim.ai/@devTehen/g-n-rateur-d-opportunit-s-business-en-ligne/","https://websim.ai/api/v1/projects/dg9rdv8wptft2ilzn7p5/revisions/3/thumbnail","Générateur d'Opportunités Business en Ligne","8","17 hours ago","https://websim.ai/@devTehen/antony-lambinon-blockchain-web-developer-7/","https://websim.ai/api/v1/projects/ib4b3lk2ifk3mcsboen4/revisions/11/thumbnail","Antony Lambinon - Blockchain & Web Developer","107","18 hours ago","","","","","","","","","","","",""
"Yesterday","https://websim.ai/@devTehen/g-n-rateur-de-patron-de-couture-broderie/","https://websim.ai/api/v1/projects/emfzqh08fuhq_6fxo0ap/revisions/6/thumbnail","Générateur de Patron de Couture/Broderie","21","1 day ago","https://websim.ai/@devTehen/llm-comparator/","https://websim.ai/api/v1/projects/gg0nf_jf_dy8wgu5gl9v/revisions/3/thumbnail","LLM Comparator","6","1 day ago","https://websim.ai/@devTehen/beauty-product-reviews-expert-cosmetic-analysis-co/","https://websim.ai/api/v1/projects/31bfomsvz6vcjlrd59zq/revisions/3/thumbnail","Beauty Product Reviews - Expert Cosmetic Analysis & Comparisons","11","1 day ago","https://websim.ai/@devTehen/llm-pricing-comparator/","https://websim.ai/api/v1/projects/krhc562254gsxmw62vb1/revisions/1/thumbnail","LLM Pricing Comparator","0","1 day ago","3",""
"2 days ago","https://websim.ai/@devTehen/beauty-product-reviews-expert-analysis-trusted-rec/","https://websim.ai/api/v1/projects/hk5sp13i3twdek7kjv2q/revisions/5/thumbnail","Beauty Product Reviews - Expert Analysis & Trusted Recommendations","35","2 days ago","https://websim.ai/@devTehen/antony-lambinon-blockchain-web-developer/","https://websim.ai/api/v1/projects/m_mtfe4jxsmcd2if72td/revisions/60/thumbnail","Antony Lambinon - Blockchain & Web Developer","3","2 days ago","https://websim.ai/@devTehen/cryptostocksinsider-actualit-s-et-analyses-financi/","https://websim.ai/api/v1/projects/ooetld2iwsje7s52xrrp/revisions/1/thumbnail","CryptoStocksInsider - Actualités et Analyses Financières","238","2 days ago","https://websim.ai/@devTehen/beautyproductreviews-net-avis-d-experts-sur-les-pr/","https://websim.ai/api/v1/projects/2m3os0uxywtkzfuh2mo9/revisions/1/thumbnail","BeautyProductReviews.net - Avis d'experts sur les produits de beauté","0","2 days ago","17",""
"3 days ago","https://websim.ai/@devTehen/html-lang-en-head-meta-charset-utf-8-meta-name-vie/1","https://websim.ai/api/v1/projects/rsf9vob1qr6uhjovfpzp/revisions/2/thumbnail","FixieRun-web3-zkEVM","1","3 days ago","https://websim.ai/@devTehen/FixieRun-zkEVM/","https://websim.ai/api/v1/projects/9yzw0ryxmwr_f2r4zpfx/revisions/9/thumbnail","FixieRun - Earn NFTs While Running","0","3 days ago","https://websim.ai/@devTehen/fixierun-earn-nfts-while-running/","","FixieRun - Earn NFTs While Running","1","3 days ago","","","","19","","29",""
"March 2, 2025","https://websim.ai/@devTehen/rhymechain-next-gen-hip-hop-gaming-on-blockchain-2/","https://websim.ai/api/v1/projects/p6t0lobxxzm8qz73xy_d/revisions/3/thumbnail","RhymeChain | Next-Gen Hip-Hop Gaming on Blockchain","34","5 days ago","https://websim.ai/@devTehen/rhymechain-next-gen-hip-hop-gaming-on-blockchain/","https://websim.ai/api/v1/projects/2g2sc25gtcfgezf2q8q4/revisions/19/thumbnail","RhymeChain | Next-Gen Hip-Hop Gaming on Blockchain","121","5 days ago","","","","","","","","","","","",""
"March 1, 2025","https://websim.ai/@devTehen/ai-code-generator/","https://websim.ai/api/v1/projects/polbjrmru8_qsm2ypbdq/revisions/2/thumbnail","AI Code Generator","6","6 days ago","https://websim.ai/@devTehen/artificielle-intelligence-hub/","https://websim.ai/api/v1/projects/evuf7gxda9544gn6ygwm/revisions/1/thumbnail","Artificielle Intelligence Hub","15","6 days ago","https://websim.ai/@devTehen/fixie-nft-run-clone-2/","https://websim.ai/api/v1/projects/iqxi9q_lqww71sbpfcds/revisions/1/thumbnail","Fixie NFT Run Clone","23","6 days ago","https://websim.ai/@devTehen/seo-business-harmony/","https://websim.ai/api/v1/projects/ez6y644qz84phh9jh9b6/revisions/1/thumbnail","SEO Business Harmony","1","6 days ago","10","23"
"March 1, 2025","https://websim.ai/@devTehen/ai-code-generator/","https://websim.ai/api/v1/projects/polbjrmru8_qsm2ypbdq/revisions/2/thumbnail","AI Code Generator","6","6 days ago","https://websim.ai/@devTehen/artificielle-intelligence-hub/","https://websim.ai/api/v1/projects/evuf7gxda9544gn6ygwm/revisions/1/thumbnail","Artificielle Intelligence Hub","15","6 days ago","https://websim.ai/@devTehen/fixie-nft-run-clone-2/","https://websim.ai/api/v1/projects/iqxi9q_lqww71sbpfcds/revisions/1/thumbnail","Fixie NFT Run Clone","23","6 days ago","https://websim.ai/@devTehen/seo-business-harmony/","https://websim.ai/api/v1/projects/ez6y644qz84phh9jh9b6/revisions/1/thumbnail","SEO Business Harmony","1","6 days ago","10","23"
"February 28, 2025","https://websim.ai/@devTehen/devstudio-pro-dashboard/","https://websim.ai/api/v1/projects/aujhub25g6scmmv79mfv/revisions/30/thumbnail","DevStudio Pro Dashboard","106","1 week ago","","","","","","","","","","","","","","","","",""
"February 26, 2025","https://websim.ai/@devTehen/rhymechain-french-hip-hop-nft-card-game/","https://websim.ai/api/v1/projects/3epf78m5qe92cv2td5qd/revisions/7/thumbnail","RhymeChain - French Hip-Hop NFT Card Game","1","1 week ago","https://websim.ai/@devTehen/html-site-analysis-report/","https://websim.ai/api/v1/projects/p9d3_q2ydsf9dvzu0akm/revisions/21/thumbnail","HTML Site Analysis Report","106","1 week ago","https://websim.ai/@devTehen/fixierun-revolutionizing-fitness-with-scroll-zke-2/","https://websim.ai/api/v1/projects/142i3xrgcek4qpu7h1nl/revisions/6/thumbnail","FixieRun - Revolutionizing Fitness with Scroll zkEVM","1","1 week ago","https://websim.ai/@devTehen/construire-des-relations-solides-et-communiquer-ef/","https://websim.ai/api/v1/projects/xyzpw2b48j4g773xd6n6/revisions/15/thumbnail","Construire des Relations Solides et Communiquer Efficacement","89","1 week ago","16","1"
"February 25, 2025","https://websim.ai/@devTehen/rapport-d-analyse-de-sites-html-perspectives-appro/","https://websim.ai/api/v1/projects/d7rn_5h4fefxbmt35cc8/revisions/1/thumbnail","Rapport d'Analyse de Sites HTML - Perspectives Approfondies","5","1 week ago","https://websim.ai/@devTehen/fixierun-revolutionizing-fitness-with-scroll-zkevm/","","FixieRun - Revolutionizing Fitness with Scroll zkEVM","22","1 week ago","","","","","","","","","","","",""
"February 24, 2025","https://websim.ai/@devTehen/rhymechain-jeu-de-cartes-nft-hip-hop-fran-ais-bloc/","https://websim.ai/api/v1/projects/3f15sjov_9tbjewyviw9/revisions/7/thumbnail","RhymeChain - Jeu de Cartes NFT Hip-Hop Français | Blockchain Gaming","52","1 week ago","","","","","","","","","","","","","","","","",""
"February 23, 2025","https://websim.ai/@devTehen/activity-report/","https://websim.ai/api/v1/projects/nyuc3baf7tai3iqxbn9t/revisions/1/thumbnail","Activity Report","6","1 week ago","","","","","","","","","","","","","","","","",""
"February 22, 2025","https://websim.ai/@devTehen/aut0-p0st-l-ia-qui-multiplie-votre-audience-soci-3/","https://websim.ai/api/v1/projects/mt7icpsfw2tds8m_0bsw/revisions/3/thumbnail","Aut0-P0st - L'IA qui multiplie votre audience sociale sans effort","12","1 week ago","https://websim.ai/@devTehen/aut0-p0st-l-ia-qui-multiplie-votre-audience-soci-2/","https://websim.ai/api/v1/projects/mrjtj_o9tzvbe6219nus/revisions/2/thumbnail","Aut0-P0st - L'IA qui multiplie votre audience sociale sans effort","5","1 week ago","https://websim.ai/@devTehen/aut0-p0st-l-ia-qui-multiplie-votre-audience-social/","https://websim.ai/api/v1/projects/muah8bgorfexz7e8kg6t/revisions/2/thumbnail","Aut0-P0st - L'IA qui multiplie votre audience sociale sans effort","5","1 week ago","https://websim.ai/@devTehen/antony-lambinon-blockchain-web-developer-3/","https://websim.ai/api/v1/projects/mu02n_0zedrgi4h6gltn/revisions/30/thumbnail","Antony Lambinon - Blockchain & Web Developer","1","1 week ago","80","32"
"February 19, 2025","https://websim.ai/@devTehen/fixierun-squads/","https://websim.ai/api/v1/projects/jd1zbkonrdzwmhqoj7rq/revisions/4/thumbnail","FixieRun Squads","14","2 weeks ago","https://websim.ai/p/j5nh_jjra4u0humd7ha6/1","https://websim.ai/api/v1/projects/ats3_r3kcpgpgcdpydn3/revisions/2/thumbnail","Untitled","0","2 weeks ago","https://websim.ai/@devTehen/interactive-tools/","https://websim.ai/api/v1/projects/may2hduequiyml09lvel/revisions/3/thumbnail","Interactive Tools","13","2 weeks ago","https://websim.ai/@devTehen/fixierun-gagnez-de-l-argent-en-faisant-du-sport/","","FixieRun - Gagnez de l'argent en faisant du sport","9","2 weeks ago","",""
"February 18, 2025","https://websim.ai/@devTehen/rhymechain-hip-hop-meets-blockchain-gaming/","https://websim.ai/api/v1/projects/m1zdtcpeklcsnjtfr_4m/revisions/1/thumbnail","RhymeChain: Hip-Hop Meets Blockchain Gaming","5","2 weeks ago","https://websim.ai/p/b1y32hyb0yfelck4cnbx/1","","Untitled","0","2 weeks ago","","","","","","","","","","","",""
"February 11, 2025","https://websim.ai/@devTehen/project-gallery/","https://websim.ai/api/v1/projects/lfbl75xrmazw47tv0dxn/revisions/1/thumbnail","Project Gallery","0","3 weeks ago","","","","","","","","","","","","","","","","",""
"3 days ago","https://websim.ai/@devTehen/html-lang-en-head-meta-charset-utf-8-meta-name-vie/1","https://websim.ai/api/v1/projects/rsf9vob1qr6uhjovfpzp/revisions/2/thumbnail","FixieRun-web3-zkEVM","1","3 days ago","https://websim.ai/@devTehen/FixieRun-zkEVM/","https://websim.ai/api/v1/projects/9yzw0ryxmwr_f2r4zpfx/revisions/9/thumbnail","FixieRun - Earn NFTs While Running","0","3 days ago","https://websim.ai/@devTehen/fixierun-earn-nfts-while-running/","https://websim.ai/api/v1/projects/n6stik4fjat3tm3a8uw5/revisions/6/thumbnail","FixieRun - Earn NFTs While Running","1","3 days ago","https://websim.ai/@devTehen/installation-du-serveur-poe/","","Installation du Serveur Poe","19","1 month ago","29","20"
"February 11, 2025","https://websim.ai/@devTehen/project-gallery/","https://websim.ai/api/v1/projects/lfbl75xrmazw47tv0dxn/revisions/1/thumbnail","Project Gallery","0","3 weeks ago","https://websim.ai/@devTehen/fitness-dashboard/","https://websim.ai/api/v1/projects/m5u88z75dafsdi732d95/revisions/1/thumbnail","Fitness Dashboard","7","3 weeks ago","","","","","","","","","","","",""
"February 10, 2025","https://websim.ai/@devTehen/modern-react-starter-template/","https://websim.ai/api/v1/projects/pzj22zw1aybb6cbwfh4y/revisions/1/thumbnail","Modern React Starter Template","1","3 weeks ago","https://websim.ai/@devTehen/tableau-de-bord-des-projets/","https://websim.ai/api/v1/projects/nsj51iw1s7kpov0na3b0/revisions/28/thumbnail","Tableau de Bord des Projets","93","3 weeks ago","https://websim.ai/@devTehen/devstudio-pro-dashboard-2/","https://websim.ai/api/v1/projects/3no3qj8pwkrkg4fvofm5/revisions/3/thumbnail","DevStudio Pro Dashboard","11","3 weeks ago","","","","","","",""
"February 3, 2025","https://websim.ai/@devTehen/fixierun-web3-fitness-gaming-2/","https://websim.ai/api/v1/projects/cnf5dya52wgu3298gsch/revisions/3/thumbnail","FixieRun - Web3 Fitness Gaming","3","1 month ago","","","","","","","","","","","","","","","","",""
"January 27, 2025","https://websim.ai/@devTehen/aiftw-chatbots-5/","https://websim.ai/api/v1/projects/c9cn_bnf29lpdzox_utg/revisions/2/thumbnail","AIFTW - Chatbots","1","1 month ago","","","","8","","","","","","","","","","","","",""
"January 26, 2025","https://websim.ai/p/s__4rpmj9vbkhjhthwjq/1","","Untitled","0","1 month ago","","","","","","","","","","","","","","","","",""
"January 23, 2025","https://websim.ai/@devTehen/aiftw-accelerating-innovation-fueling-tomorrow-s-w/","https://websim.ai/api/v1/projects/5fcoq20w7ovlr9t_et1q/revisions/9/thumbnail","AIFTW - Accelerating Innovation, Fueling Tomorrow's World","16","1 month ago","https://websim.ai/@devTehen/aiftw-accelerating-innovation/","https://websim.ai/api/v1/projects/un2cvgv0l8oobdqjgugt/revisions/6/thumbnail","AIFTW - Accelerating Innovation","14","1 month ago","","","","","","","","","","","",""
"January 22, 2025","https://websim.ai/p/7k4a651901q3o7hlpnnm/3","https://websim.ai/api/v1/projects/yoyktwxc9zwyubpz2ae0/revisions/1/thumbnail","Untitled","0","1 month ago","https://websim.ai/@devTehen/aiftw-chatbots-6/","","AIFTW - Chatbots","9","1 month ago","","","","","","","","","","","",""
"January 21, 2025","https://websim.ai/@devTehen/fixie-token-economy-2/","https://websim.ai/api/v1/projects/s36xxvtwvykem7yqm1eu/revisions/11/thumbnail","FIXIE Token Economy","11","1 month ago","https://websim.ai/@devTehen/chatbots-page-2/","https://websim.ai/api/v1/projects/be90za8d8v9fnjj00q1c/revisions/10/thumbnail","Chatbots Page","8","1 month ago","https://websim.ai/@devTehen/dashboard-chatbots-ia/","https://websim.ai/api/v1/projects/3dg0ozsvlx8p0b747azu/revisions/4/thumbnail","Dashboard Chatbots IA","1","1 month ago","https://websim.ai/@devTehen/ai-chatbots-dashboard/","https://websim.ai/api/v1/projects/w6xzls0afybbwqzzkbfh/revisions/3/thumbnail","AI Chatbots Dashboard","8","1 month ago","3","6"
"January 20, 2025","https://websim.ai/@devTehen/fixierun-2/","","FixieRun","14","1 month ago","","","","","","","","","","","","","","","","",""
"January 19, 2025","https://websim.ai/@devTehen/interactive-playground/","https://websim.ai/api/v1/projects/wktga27oq472nw38vtk8/revisions/5/thumbnail","Interactive Playground","11","1 month ago","https://websim.ai/@devTehen/dreamtech-ai-all-tools/","https://websim.ai/api/v1/projects/tlnfnxdrexq7yblvszrl/revisions/2/thumbnail","DreamTech AI - All Tools","7","1 month ago","","","","","","","","","","","",""
"January 16, 2025","https://websim.ai/p/692xur10e72bbfmfgnic/2","","Untitled","0","1 month ago","https://websim.ai/@devTehen/fixierun-transform-your-fitness-journey-with-web3-/","","FixieRun - Transform Your Fitness Journey with Web3 Gaming","5","1 month ago","https://websim.ai/@devTehen/fixierun-the-future-of-fitness-gaming-4/","","FixieRun - The Future of Fitness Gaming","3","1 month ago","","","","","","",""
"January 16, 2025","https://websim.ai/p/692xur10e72bbfmfgnic/2","https://websim.ai/api/v1/projects/ob44aqphehxw6hx1wuho/revisions/1/thumbnail","Untitled","0","1 month ago","https://websim.ai/@devTehen/fixierun-transform-your-fitness-journey-with-web3-/","","FixieRun - Transform Your Fitness Journey with Web3 Gaming","5","1 month ago","https://websim.ai/@devTehen/fixierun-the-future-of-fitness-gaming-4/","","FixieRun - The Future of Fitness Gaming","3","1 month ago","https://websim.ai/@devTehen/fixierun-fitness-gaming-et-nft/","","FixieRun - Fitness, Gaming, et NFT","1","1 month ago","",""
"January 12, 2025","https://websim.ai/p/whbfa4y1_6n7zq16c113/7","https://websim.ai/api/v1/projects/whbfa4y1_6n7zq16c113/revisions/7/thumbnail","Untitled","9","1 month ago","https://websim.ai/@devTehen/tableau-de-bord-des-projets-websim/","https://websim.ai/api/v1/projects/xax8h76z08l5ufje8d3x/revisions/17/thumbnail","Tableau de Bord des Projets WebSim","46","1 month ago","","","","","","","","","","","",""
"January 10, 2025","https://websim.ai/@devTehen/guide-d-installation-du-serveur-poe/","https://websim.ai/api/v1/projects/pp1ns10ge2jjg8mnv9ov/revisions/1/thumbnail","Guide d'Installation du Serveur Poe","4","1 month ago","","","","","","","","","","","","","","","","",""
"January 2, 2025","https://websim.ai/@devTehen/fixierun-revolutionizing-fitness-with-blockchain-4/","https://websim.ai/api/v1/projects/5pjtqsgx_lpvh1ut5_9u/revisions/26/thumbnail","FixieRun - Revolutionizing Fitness with Blockchain Technology","1","2 months ago","https://websim.ai/@devTehen/dashboard-aiftw-ai-agents-hub/","https://websim.ai/api/v1/projects/21yyf9kyn038fh6k4gb9/revisions/76/thumbnail","Dashboard - AIFTW AI Agents Hub","54","2 months ago","https://websim.ai/@devTehen/web-app-interface/","https://websim.ai/api/v1/projects/t9iiw2t5ovop95grgvjh/revisions/4/thumbnail","Web App Interface","2","2 months ago","https://websim.ai/@devTehen/aiftw-ai-agents-hub-empowering-ai-innovation/","https://websim.ai/api/v1/projects/sbjnswy2bej48gp1rsbq/revisions/2/thumbnail","AIFTW AI Agents Hub - Empowering AI Innovation","197","2 months ago","5","1"
"December 30, 2024","https://websim.ai/@devTehen/enhanced-style/","https://websim.ai/api/v1/projects/ydbfgbwvveh_iuu5wxq0/revisions/7/thumbnail","Enhanced Style","11","2 months ago","https://websim.ai/@devTehen/aiftw-chatbots-4/","https://websim.ai/api/v1/projects/gms1x47ms7vle560nrs9/revisions/1/thumbnail","AIFTW - Chatbots","3","2 months ago","","","","","","","","","","","",""
"December 29, 2024","https://websim.ai/@devTehen/dashboard-aiftw-2/","https://websim.ai/api/v1/projects/pgau98etdtrrdxabbz3h/revisions/8/thumbnail","Dashboard | AIFTW","64","2 months ago","","","","","","","","","","","","","","","","",""
"December 28, 2024","https://websim.ai/@devTehen/lovable-projects-dashboard/","https://websim.ai/api/v1/projects/cl7kz1ih1w7kjp9zeqnf/revisions/1/thumbnail","Lovable Projects Dashboard","3","2 months ago","https://websim.ai/@devTehen/fixie-run-lite-paper/","https://websim.ai/api/v1/projects/sftd_mngqkkcdwvrgrso/revisions/9/thumbnail","Fixie.run Lite Paper","9","2 months ago","https://websim.ai/@devTehen/antony-lambinon-blockchain-web-developer-5/","https://websim.ai/api/v1/projects/mb780jp3pnro_dmlc5vs/revisions/3/thumbnail","Antony Lambinon - Blockchain & Web Developer","4","2 months ago","","","","","","",""
"December 23, 2024","https://websim.ai/@devTehen/fixierun-web3-fitness-gaming-earn-rewards-collect-/","https://websim.ai/api/v1/projects/fx6ea32m9hwuwtfu0qbc/revisions/1/thumbnail","FixieRun - Web3 Fitness Gaming | Earn Rewards, Collect NFT Bikes","6","2 months ago","https://websim.ai/@devTehen/fixierun-web3-fitness-gaming/","https://websim.ai/api/v1/projects/3rr6u2u45st9bad4zoe2/revisions/1/thumbnail","FixieRun - Web3 Fitness Gaming","2","2 months ago","https://websim.ai/@devTehen/fixierun-the-future-of-fitness-gaming-3/","https://websim.ai/api/v1/projects/letyx8lamxorm6evt6oe/revisions/4/thumbnail","FixieRun - The Future of Fitness Gaming","1","2 months ago","https://websim.ai/@devTehen/gradient-card/","https://websim.ai/api/v1/projects/98t2tzudnkndtv0_7j5z/revisions/4/thumbnail","Gradient Card","4","2 months ago","4","3"
"December 22, 2024","https://websim.ai/@devTehen/fitness-counter-hub/","https://websim.ai/api/v1/projects/wvr7u6reaiwt3sv5sfxg/revisions/1/thumbnail","Fitness Counter Hub","3","2 months ago","https://websim.ai/@devTehen/aiftw-chatbots-3/","https://websim.ai/api/v1/projects/6x410ny2wynvz_0b28qw/revisions/1/thumbnail","AIFTW - Chatbots","1","2 months ago","https://websim.ai/@devTehen/aiftw-chatbot-dashboard-11/","https://websim.ai/api/v1/projects/mfrpwmetf7vo2i5gko42/revisions/9/thumbnail","AIFTW Chatbot Dashboard","10","2 months ago","","","","","","",""
"2 days ago","https://websim.ai/@devTehen/beauty-product-reviews-expert-analysis-trusted-rec/","https://websim.ai/api/v1/projects/hk5sp13i3twdek7kjv2q/revisions/5/thumbnail","Beauty Product Reviews - Expert Analysis & Trusted Recommendations","35","2 days ago","https://websim.ai/@devTehen/antony-lambinon-blockchain-web-developer/","https://websim.ai/api/v1/projects/m_mtfe4jxsmcd2if72td/revisions/60/thumbnail","Antony Lambinon - Blockchain & Web Developer","3","2 days ago","https://websim.ai/@devTehen/cryptostocksinsider-actualit-s-et-analyses-financi/","https://websim.ai/api/v1/projects/ooetld2iwsje7s52xrrp/revisions/1/thumbnail","CryptoStocksInsider - Actualités et Analyses Financières","238","2 days ago","https://websim.ai/@devTehen/beautyproductreviews-net-avis-d-experts-sur-les-pr/","https://websim.ai/api/v1/projects/2m3os0uxywtkzfuh2mo9/revisions/1/thumbnail","BeautyProductReviews.net - Avis d'experts sur les produits de beauté","0","2 days ago","17","7"
"3 days ago","https://websim.ai/@devTehen/html-lang-en-head-meta-charset-utf-8-meta-name-vie/1","https://websim.ai/api/v1/projects/rsf9vob1qr6uhjovfpzp/revisions/2/thumbnail","FixieRun-web3-zkEVM","1","3 days ago","https://websim.ai/@devTehen/FixieRun-zkEVM/","https://websim.ai/api/v1/projects/9yzw0ryxmwr_f2r4zpfx/revisions/9/thumbnail","FixieRun - Earn NFTs While Running","0","3 days ago","https://websim.ai/@devTehen/fixierun-earn-nfts-while-running/","https://websim.ai/api/v1/projects/n6stik4fjat3tm3a8uw5/revisions/6/thumbnail","FixieRun - Earn NFTs While Running","1","3 days ago","https://websim.ai/@devTehen/installation-du-serveur-poe/","https://websim.ai/api/v1/projects/5gb0o_eqsqlkymeoo4lz/revisions/1/thumbnail","Installation du Serveur Poe","19","1 month ago","29","20"
"December 21, 2024","https://websim.ai/@devTehen/antony-lambinon-blockchain-web-developer-4/","https://websim.ai/api/v1/projects/azv61tyvnlp9pqe1wmf8/revisions/1/thumbnail","Antony Lambinon - Blockchain & Web Developer","1","2 months ago","","","","","","","","","","","","","","","","",""
"December 18, 2024","https://websim.ai/p/t4jjlvd6s_f2yvslxa_r/1","https://websim.ai/api/v1/projects/xbltcj4ui1h9otz5xl6n/revisions/1/thumbnail","Untitled","0","2 months ago","https://websim.ai/@devTehen/fixierun-the-future-of-fitness-gaming-2/","https://websim.ai/api/v1/projects/fye88evcizpicyu9l6nh/revisions/1/thumbnail","FixieRun - The Future of Fitness Gaming","0","2 months ago","https://websim.ai/@devTehen/fixierun-the-future-of-fitness-gaming/","","FixieRun - The Future of Fitness Gaming","0","2 months ago","","","","","","",""
"December 14, 2024","https://websim.ai/@devTehen/fixierun-l-avenir-du-fitness-gaming/","https://websim.ai/api/v1/projects/86f5rq1h6o3uw3yq62y9/revisions/1/thumbnail","FixieRun - L'Avenir du Fitness Gaming","1","2 months ago","","","","","","","","","","","","","","","","",""
"December 13, 2024","https://websim.ai/@devTehen/micro-saas-2025/","https://websim.ai/api/v1/projects/lkolqyaxhy5vx_qn3yhy/revisions/4/thumbnail","Micro-SaaS 2025","8","2 months ago","https://websim.ai/@devTehen/antony-lambinon-blockchain-web-developer-2/","https://websim.ai/api/v1/projects/iz7wcw1f83o0hilambxb/revisions/4/thumbnail","Antony Lambinon - Blockchain & Web Developer","19","2 months ago","https://websim.ai/@devTehen/aiftw-empowering-ai-solutions-3/","","AIFTW - Empowering AI Solutions","1","2 months ago","https://websim.ai/@devTehen/micro-saas-2025-catalogue-complet-des-outils-seo-2/","","Micro-SaaS 2025: Catalogue Complet des Outils SEO & SEA","62","2 months ago","7",""
"December 12, 2024","https://websim.ai/@devTehen/micro-saas-2025-catalogue-complet-des-outils-seo-s/","https://websim.ai/api/v1/projects/ingjhckack6c031o45ui/revisions/1/thumbnail","Micro-SaaS 2025 - Catalogue Complet des Outils SEO & SEA","3","2 months ago","https://websim.ai/@devTehen/outils-d-analyse-seo-et-marketing-digital/","","Outils d'Analyse SEO et Marketing Digital","4","2 months ago","","","","","","","","","","","",""
"December 10, 2024","https://websim.ai/@devTehen/aiftw-chatbot-dashboard-14/","https://websim.ai/api/v1/projects/axz8j4oeh5mot33_xr3f/revisions/1/thumbnail","AIFTW Chatbot Dashboard","5","2 months ago","https://websim.ai/p/_56e8vicys96vt3p2ar1/1","https://websim.ai/api/v1/projects/dtffifdo5p4si7m43xqt/revisions/3/thumbnail","Untitled","0","2 months ago","https://websim.ai/@devTehen/seo-analyzer/","","Seo Analyzer","1","2 months ago","","","","12","","",""
"December 6, 2024","https://websim.ai/p/cf4ro8iow8hx05i1ojq1/5","https://websim.ai/api/v1/projects/cf4ro8iow8hx05i1ojq1/revisions/5/thumbnail","Untitled","1","3 months ago","https://websim.ai/@devTehen/base-href-explanation/","https://websim.ai/api/v1/projects/8v0cvakd5n1m3ws0gxdc/revisions/1/thumbnail","Base Href Explanation","8","3 months ago","","","","1","","","","","","","",""
"December 1, 2024","https://websim.ai/@devTehen/bikepark-mobile/","https://websim.ai/api/v1/projects/8ge4i6wcabcue7nd0v8p/revisions/19/thumbnail","BikePark Mobile","22","3 months ago","","","","","","","","","","","","","","","","",""
"November 30, 2024","https://websim.ai/@devTehen/ai-powered-chatbots-for-your-business/","https://websim.ai/api/v1/projects/cm3w0ww0est_yufxn2g3/revisions/1/thumbnail","AI-Powered Chatbots for Your Business","1","3 months ago","https://websim.ai/@devTehen/structure-technique-des-outils-ai/","https://websim.ai/api/v1/projects/5no6fkbtluupybdq9rol/revisions/1/thumbnail","Structure Technique des Outils AI","2","3 months ago","https://websim.ai/@devTehen/convert-ai-boost-your-leads-with-ai-powered-lead-m/","","Convert.AI - Boost Your Leads with AI-Powered Lead Magnets","1","3 months ago","","","","11","","",""